0.08,0.08,0.045,-0.04,-0.04,0.0425,6.12323e-17,1.0,-6.12323e-17,3.7494e-33,0.137145368249,-0.0667930207581,0.124853435631,0.107017655603,-0.698350171108,-0.107253721347,0.699536202894,nan,nan,nan,nan,nan,nan,nan,nan,nan,nan,nan,nan,nan,nan,nan,nan,nan,nan,nan,nan,nan,nan,nan,nan,nan,nan,nan,nan,nan,nan,nan,nan,nan,nan,nan,nan,nan,nan,nan,nan,nan,nan,nan,nan,nan,nan,nan,nan,nan,nan,nan,nan,nan,nan,nan,nan,nan,nan,nan,nan,nan,nan,nan,nan,nan,nan,nan,nan,nan,nan,nan,nan,nan,nan,nan,nan,nan,nan,nan,nan,nan,nan,nan,nan,nan,nan,nan,nan,nan,nan,nan,nan,nan,nan,nan,nan,nan,nan,nan,nan,nan,nan,nan,nan,nan,nan,nan,nan,nan,nan,nan,nan,nan,nan,nan,nan,nan,nan,nan,nan,nan,nan,nan,nan,nan,nan,nan,nan,nan,nan,nan,nan,nan,nan,nan,nan,nan,nan,nan,nan,nan,nan,nan,nan,nan,nan,nan,nan,nan,nan,nan,nan,nan,nan,nan,nan,nan,nan,nan,nan,nan,nan,nan,nan,nan,nan,nan,nan,nan,nan,nan,nan,nan,nan,nan,nan,nan,nan,nan,nan,nan,nan,nan,nan,nan,nan,nan,nan,nan,nan,nan,nan,nan,nan,nan,nan,nan,nan,nan,nan,nan,nan,nan,nan,nan,nan,nan,nan,nan,nan,nan,nan,nan
0.08,0.08,0.045,-0.04,-0.04,0.0425,0.58778508449,0.809017116291,-4.95380071207e-17,3.59915051735e-17,0.137007369618,0.0480567712146,0.160421820841,0.122867751849,-0.696209989379,-0.120383322247,0.696923971441,nan,nan,nan,nan,nan,nan,nan,nan,nan,nan,nan,nan,nan,nan,nan,nan,nan,nan,nan,nan,nan,nan,nan,nan,nan,nan,nan,nan,nan,nan,nan,nan,nan,nan,nan,nan,nan,nan,nan,nan,nan,nan,nan,nan,nan,nan,nan,nan,nan,nan,nan,nan,nan,nan,nan,nan,nan,nan,nan,nan,nan,nan,nan,nan,nan,nan,nan,nan,nan,nan,nan,nan,nan,nan,nan,nan,nan,nan,nan,nan,nan,nan,nan,nan,nan,nan,nan,nan,nan,nan,nan,nan,nan,nan,nan,nan,nan,nan,nan,nan,nan,nan,nan,nan,nan,nan,nan,nan,nan,nan,nan,nan,nan,nan,nan,nan,nan,nan,nan,nan,nan,nan,nan,nan,nan,nan,nan,nan,nan,nan,nan,nan,nan,nan,nan,nan,nan,nan,nan,nan,nan,nan,nan,nan,nan,nan,nan,nan,nan,nan,nan,nan,nan,nan,nan,nan,nan,nan,nan,nan,nan,nan,nan,nan,nan,nan,nan,nan,nan,nan,nan,nan,nan,nan,nan,nan,nan,nan,nan,nan,nan,nan,nan,nan,nan,nan,nan,nan,nan,nan,nan,nan,nan,nan,nan,nan,nan,nan,nan,nan,nan,nan,nan,nan,nan,nan,nan,nan,nan,nan,nan,nan,nan
0.08,0.08,0.045,-0.04,-0.024,0.0425,6.12323e-17,1.0,-6.12323e-17,3.7494e-33,0.136512239683,-0.0626235755584,0.0623812321931,0.279931975681,-0.648703132009,-0.280369612952,0.649780898185,nan,nan,nan,nan,nan,nan,nan,nan,nan,nan,nan,nan,nan,nan,nan,nan,nan,nan,nan,nan,nan,nan,nan,nan,nan,nan,nan,nan,nan,nan,nan,nan,nan,nan,nan,nan,nan,nan,nan,nan,nan,nan,nan,nan,nan,nan,nan,nan,nan,nan,nan,nan,nan,nan,nan,nan,nan,nan,nan,nan,nan,nan,nan,nan,nan,nan,nan,nan,nan,nan,nan,nan,nan,nan,nan,nan,nan,nan,nan,nan,nan,nan,nan,nan,nan,nan,nan,nan,nan,nan,nan,nan,nan,nan,nan,nan,nan,nan,nan,nan,nan,nan,nan,nan,nan,nan,nan,nan,nan,nan,nan,nan,nan,nan,nan,nan,nan,nan,nan,nan,nan,nan,nan,nan,nan,nan,nan,nan,nan,nan,nan,nan,nan,nan,nan,nan,nan,nan,nan,nan,nan,nan,nan,nan,nan,nan,nan,nan,nan,nan,nan,nan,nan,nan,nan,nan,nan,nan,nan,nan,nan,nan,nan,nan,nan,nan,nan,nan,nan,nan,nan,nan,nan,nan,nan,nan,nan,nan,nan,nan,nan,nan,nan,nan,nan,nan,nan,nan,nan,nan,nan,nan,nan,nan,nan,nan,nan,nan,nan,nan,nan,nan,nan,nan,nan,nan,nan,nan,nan,nan,nan,nan,nan
0.08,0.08,0.045,-0.04,-0.024,0.0425,0.58778508449,0.809017116291,-4.95380071207e-17,3.59915051735e-17,0.137111853031,0.0333953004111,0.155529349454,0.13201357777,-0.693879753259,-0.132149332591,0.695442202628,nan,nan,nan,nan,nan,nan,nan,nan,nan,nan,nan,nan,nan,nan,nan,nan,nan,nan,nan,nan,nan,nan,nan,nan,nan,nan,nan,nan,nan,nan,nan,nan,nan,nan,nan,nan,nan,nan,nan,nan,nan,nan,nan,nan,nan,nan,nan,nan,nan,nan,nan,nan,nan,nan,nan,nan,nan,nan,nan,nan,nan,nan,nan,nan,nan,nan,nan,nan,nan,nan,nan,nan,nan,nan,nan,nan,nan,nan,nan,nan,nan,nan,nan,nan,nan,nan,nan,nan,nan,nan,nan,nan,nan,nan,nan,nan,nan,nan,nan,nan,nan,nan,nan,nan,nan,nan,nan,nan,nan,nan,nan,nan,nan,nan,nan,nan,nan,nan,nan,nan,nan,nan,nan,nan,nan,nan,nan,nan,nan,nan,nan,nan,nan,nan,nan,nan,nan,nan,nan,nan,nan,nan,nan,nan,nan,nan,nan,nan,nan,nan,nan,nan,nan,nan,nan,nan,nan,nan,nan,nan,nan,nan,nan,nan,nan,nan,nan,nan,nan,nan,nan,nan,nan,nan,nan,nan,nan,nan,nan,nan,nan,nan,nan,nan,nan,nan,nan,nan,nan,nan,nan,nan,nan,nan,nan,nan,nan,nan,nan,nan,nan,nan,nan,nan,nan,nan,nan,nan,nan,nan,nan,nan,nan
0.08,0.08,0.045,-0.04,-0.008,0.0425,0.58778508449,0.809017116291,-4.95380071207e-17,3.59915051735e-17,0.0692557977554,0.0198550936706,0.126599444502,0.0862290732538,-0.575044358074,-0.485333060218,0.652947435734,0.133035717677,0.151025243099,0.661218006122,0.753537449354,0.720898223984,0.767946892784,0.774819461938,0.306530288273,0.767893840793,0.768754263622,0.308092714979,0.76895113138,0.76821434151,0.767887341046,0.461181044841,0.407605777221,-4.8893421134e-07,0.488978191866,0.138218815661,0.0875433128964,0.54444850945,0.392655018129,0.178028071081,0.13821577467,0.375349993516,0.324669713801,0.66230066177,0.636915022937,1.08308238363,-9.55882484277e-10,-5.56876322833e-10,0.205132231105,0.276940297197,nan,nan,nan,nan,nan,nan,nan,nan,nan,nan,nan,nan,nan,nan,nan,nan,nan,nan,nan,nan,nan,nan,nan,nan,nan,nan,nan,nan,nan,nan,nan,nan,nan,nan,nan,nan,0.0399976187136,-0.00232145889144,0.0129165704814,nan,nan,nan,nan,nan,nan,nan,nan,nan,0.0399959536064,-0.0259108615389,0.00830076912213,nan,nan,nan,-0.0399932235332,-0.0207160951888,0.0201843650273,-0.0399697877679,-0.000136543827063,0.00626214951508,nan,nan,nan,nan,nan,nan,nan,nan,nan,nan,nan,nan,nan,nan,nan,nan,nan,nan,nan,nan,nan,nan,nan,nan,nan,nan,nan,nan,nan,nan,nan,nan,nan,nan,nan,nan,nan,nan,nan,nan,nan,nan,nan,nan,nan,nan,nan,nan,nan,nan,nan,nan,nan,nan,nan,nan,nan,nan,nan,nan,nan,nan,nan,nan,nan,nan,nan,nan,nan,nan,nan,nan,23.1459680131,-1.46584387735,-0.936356593899,4.77349914701e-17,5.49577691511e-16,3.19619142314e-16,nan,nan,nan,nan,nan,nan,nan,nan,nan,nan,nan,nan,nan,nan,nan,nan,nan,nan,18.2648831997,-2.06972520657,1.13180779984,-1.45484438818e-17,-7.39232789734e-17,9.95970821298e-17,nan,nan,nan,nan,nan,nan,-7.86186744072,4.51373002692,-3.90159543516,2.44621267085e-17,-1.8640337242e-17,-7.08570255436e-17,-33.9863795422,1.55751066201,-0.30901794433,-2.8493072718e-17,-7.57166363946e-16,-6.82543861652e-16
0.08,0.08,0.045,-0.04,0.008,0.0425,0.58778508449,0.809017116291,-4.95380071207e-17,3.59915051735e-17,0.0651537792082,0.0178600067817,0.11951044379,0.156925602529,-0.591456025159,-0.435469823547,0.660242499657,0.126690572888,0.153355717076,0.657574980154,0.754443157784,0.736185342461,0.766423422079,0.785392247109,0.372435037374,0.771496999137,0.785336355099,0.351576235306,0.773345142008,0.778511061194,0.770827817604,0.395379730504,0.424573913678,5.28026511404e-10,0.495742342021,0.156224951374,0.0413767084768,0.536410736987,0.393777577197,0.205541473338,0.151116562107,0.386077941189,0.327934076738,0.662160520776,0.642239141208,0.993704399579,-5.39134958899e-10,-3.54989815321e-10,0.21076830804,0.255611314136,nan,nan,nan,nan,nan,nan,nan,nan,nan,nan,nan,nan,nan,nan,nan,nan,nan,nan,nan,nan,nan,0.0382802053133,-0.0398752894521,0.00970895274965,nan,nan,nan,nan,nan,nan,nan,nan,nan,nan,nan,nan,0.0399976640789,0.0102410654835,0.0145845167307,nan,nan,nan,nan,nan,nan,nan,nan,nan,0.0399987172257,-0.0166871659918,0.0132027104236,nan,nan,nan,-0.0399947786772,-0.0139859926337,0.0201569137437,-0.0399907665761,0.0117715442262,0.00636195958362,nan,nan,nan,nan,nan,nan,nan,nan,nan,nan,nan,nan,nan,nan,nan,nan,nan,nan,nan,nan,nan,nan,nan,nan,nan,nan,nan,nan,nan,nan,nan,nan,nan,nan,nan,nan,nan,nan,nan,nan,nan,nan,1.44531374738,-4.40161430724,7.31540116992e-05,-5.60592536892e-17,-1.8407661886e-17,-2.978578384e-18,nan,nan,nan,nan,nan,nan,nan,nan,nan,nan,nan,nan,nan,nan,nan,nan,nan,nan,nan,nan,nan,nan,nan,nan,22.4990770616,3.82930128274,-1.36805246212,-8.03262914146e-17,5.69120463001e-16,2.71967858468e-16,nan,nan,nan,nan,nan,nan,nan,nan,nan,nan,nan,nan,nan,nan,nan,nan,nan,nan,17.2939941003,-1.91906353839,1.39377193982,0.0,0.0,0.0,nan,nan,nan,nan,nan,nan,-13.1892641718,-0.77025807324,-4.35485403486,4.27634884096e-29,1.64491277941e-28,-2.80160197795e-28,-28.1862829409,5.22256031544,-0.170433498781,-2.70322375251e-05,-1.65560507553e-08,-9.17963617953e-09
0.08,0.08,0.045,-0.04,0.008,0.0425,0.951056560832,0.309016857306,1.89218296602e-17,5.82353731087e-17,0.0596585243521,0.0292871736472,0.136902556789,-0.51781359442,-0.621054778094,0.258055163059,0.528741502872,0.405181009559,0.00243186005789,-0.0004488674716,0.243446697209,0.197806466325,0.42920141811,0.531878558966,0.304034297381,0.763090696592,0.765115848124,0.305928708156,0.763985328321,0.763606209457,0.762251276001,0.387076764242,0.28253733361,-7.46117834183e-10,0.430219846186,0.14303428908,0.0754455642214,0.558335553507,0.259729621223,0.330534465996,0.74749286826,0.612541197827,0.748849716638,0.762384388185,0.760353977431,1.29918817535,-3.03190894613e-09,-1.36338479173e-07,0.35933019781,0.244379558128,nan,nan,nan,nan,nan,nan,nan,nan,nan,nan,nan,nan,-0.00661008796287,-0.0399976373337,0.0121753763583,nan,nan,nan,nan,nan,nan,nan,nan,nan,nan,nan,nan,nan,nan,nan,nan,nan,nan,-0.0334990463606,-0.039990254006,0.0201155809354,-0.0305413530236,-0.0399939181241,-0.00598574864988,nan,nan,nan,nan,nan,nan,nan,nan,nan,nan,nan,nan,nan,nan,nan,nan,nan,nan,-0.00598047080259,0.039825004587,0.0046782520691,nan,nan,nan,nan,nan,nan,nan,nan,nan,nan,nan,nan,nan,nan,nan,nan,nan,nan,nan,nan,nan,nan,nan,nan,-6.83188445339,-2.31006255807,5.5535288552,4.54057541855e-18,3.67849710694e-17,2.08869484497e-17,nan,nan,nan,nan,nan,nan,nan,nan,nan,nan,nan,nan,nan,nan,nan,nan,nan,nan,nan,nan,nan,nan,nan,nan,nan,nan,nan,nan,nan,nan,nan,nan,nan,nan,nan,nan,-16.1460444858,-80.1758808798,-8.50667238823,-1.5912947308e-17,-5.69414570254e-17,5.66880022017e-16,-4.8623563265,-4.88547366267,3.95148516973,9.99804806595e-17,-1.32502490351e-16,-4.07939539876e-17,nan,nan,nan,nan,nan,nan,nan,nan,nan,nan,nan,nan,nan,nan,nan,nan,nan,nan,nan,nan,nan,nan,nan,nan,nan,nan,nan,nan,nan,nan,nan,nan,nan,nan,nan,nan,31.2886540476,91.1373266995,-6.70141485623,0.0,0.0,0.0
0.08,0.08,0.045,-0.04,0.024,0.0425,0.58778508449,0.809017116291,-4.95380071207e-17,3.59915051735e-17,0.136500053112,-0.0144185135252,0.0493458745484,0.0410920073417,-0.705295209142,-0.0411618665478,0.706523754475,nan,nan,nan,nan,nan,nan,nan,nan,nan,nan,nan,nan,nan,nan,nan,nan,nan,nan,nan,nan,nan,nan,nan,nan,nan,nan,nan,nan,nan,nan,nan,nan,nan,nan,nan,nan,nan,nan,nan,nan,nan,nan,nan,nan,nan,nan,nan,nan,nan,nan,nan,nan,nan,nan,nan,nan,nan,nan,nan,nan,nan,nan,nan,nan,nan,nan,nan,nan,nan,nan,nan,nan,nan,nan,nan,nan,nan,nan,nan,nan,nan,nan,nan,nan,nan,nan,nan,nan,nan,nan,nan,nan,nan,nan,nan,nan,nan,nan,nan,nan,nan,nan,nan,nan,nan,nan,nan,nan,nan,nan,nan,nan,nan,nan,nan,nan,nan,nan,nan,nan,nan,nan,nan,nan,nan,nan,nan,nan,nan,nan,nan,nan,nan,nan,nan,nan,nan,nan,nan,nan,nan,nan,nan,nan,nan,nan,nan,nan,nan,nan,nan,nan,nan,nan,nan,nan,nan,nan,nan,nan,nan,nan,nan,nan,nan,nan,nan,nan,nan,nan,nan,nan,nan,nan,nan,nan,nan,nan,nan,nan,nan,nan,nan,nan,nan,nan,nan,nan,nan,nan,nan,nan,nan,nan,nan,nan,nan,nan,nan,nan,nan,nan,nan,nan,nan,nan,nan,nan,nan,nan,nan,nan,nan
0.08,0.08,0.045,-0.04,0.024,0.0425,0.951056560832,0.309016857306,1.89218296602e-17,5.82353731087e-17,0.0784893755932,0.0157672752421,0.13982437741,-0.567137191133,-0.415598990904,0.15971344611,0.692910167572,0.11565890414,0.137092324607,0.617892528055,0.701719181551,0.666710761201,0.711936767852,0.708823971265,0.286716187225,0.715237009151,0.718815142478,0.28643665377,0.718563267477,0.715889020961,0.717057610078,0.280336394207,0.30507372416,-3.39182015807e-10,0.412236724951,0.0928219810072,0.000922776415541,0.506911066533,0.153583597966,0.321441099058,0.722297072161,0.527115477505,0.715701794849,0.714083110273,0.716823952832,1.47598457749,-8.67068195021e-10,-1.8654649292e-07,0.466215861934,0.29424946908,nan,nan,nan,nan,nan,nan,nan,nan,nan,nan,nan,nan,nan,nan,nan,nan,nan,nan,nan,nan,nan,nan,nan,nan,nan,nan,nan,nan,nan,nan,nan,nan,nan,-0.0386927071201,-0.0390755247148,0.0215284380438,-0.031050632827,-0.0399975299735,0.0121748510644,nan,nan,nan,nan,nan,nan,nan,nan,nan,nan,nan,nan,nan,nan,nan,nan,nan,nan,-0.0140853453824,0.0399948917888,0.0102069972107,nan,nan,nan,nan,nan,nan,nan,nan,nan,nan,nan,nan,nan,nan,nan,nan,nan,nan,nan,nan,nan,nan,nan,nan,nan,nan,nan,nan,nan,nan,nan,nan,nan,nan,nan,nan,nan,nan,nan,nan,nan,nan,nan,nan,nan,nan,nan,nan,nan,nan,nan,nan,nan,nan,nan,nan,nan,nan,nan,nan,nan,nan,nan,nan,nan,nan,-3.89976349128,-5.23763695958,5.12717811226,7.44557161693e-17,3.92999261412e-18,6.06461393368e-17,1.80675705879,-20.5392133817,-8.13461289747,9.27632020294e-17,5.14155139698e-17,-1.09216462257e-16,nan,nan,nan,nan,nan,nan,nan,nan,nan,nan,nan,nan,nan,nan,nan,nan,nan,nan,nan,nan,nan,nan,nan,nan,nan,nan,nan,nan,nan,nan,nan,nan,nan,nan,nan,nan,3.44350052876,27.935954055,-0.383207841738,-5.84382408148e-16,6.59427630055e-17,-4.44007442808e-16
0.08,0.08,0.045,-0.04,0.04,0.0425,0.58778508449,0.809017116291,-4.95380071207e-17,3.59915051735e-17,0.136496839457,-0.0132722501357,0.0463202495529,-0.0217433294315,-0.706116908274,0.0217802211615,0.707426152642,nan,nan,nan,nan,nan,nan,nan,nan,nan,nan,nan,nan,nan,nan,nan,nan,nan,nan,nan,nan,nan,nan,nan,nan,nan,nan,nan,nan,nan,nan,nan,nan,nan,nan,nan,nan,nan,nan,nan,nan,nan,nan,nan,nan,nan,nan,nan,nan,nan,nan,nan,nan,nan,nan,nan,nan,nan,nan,nan,nan,nan,nan,nan,nan,nan,nan,nan,nan,nan,nan,nan,nan,nan,nan,nan,nan,nan,nan,nan,nan,nan,nan,nan,nan,nan,nan,nan,nan,nan,nan,nan,nan,nan,nan,nan,nan,nan,nan,nan,nan,nan,nan,nan,nan,nan,nan,nan,nan,nan,nan,nan,nan,nan,nan,nan,nan,nan,nan,nan,nan,nan,nan,nan,nan,nan,nan,nan,nan,nan,nan,nan,nan,nan,nan,nan,nan,nan,nan,nan,nan,nan,nan,nan,nan,nan,nan,nan,nan,nan,nan,nan,nan,nan,nan,nan,nan,nan,nan,nan,nan,nan,nan,nan,nan,nan,nan,nan,nan,nan,nan,nan,nan,nan,nan,nan,nan,nan,nan,nan,nan,nan,nan,nan,nan,nan,nan,nan,nan,nan,nan,nan,nan,nan,nan,nan,nan,nan,nan,nan,nan,nan,nan,nan,nan,nan,nan,nan,nan,nan,nan,nan,nan,nan
0.08,0.08,0.045,-0.04,0.04,0.0425,0.951056560832,0.309016857306,1.89218296602e-17,5.82353731087e-17,0.137182277027,0.0398561634221,0.163003336852,-0.31244911072,-0.633696694018,0.312953606758,0.634715757815,nan,nan,nan,nan,nan,nan,nan,nan,nan,nan,nan,nan,nan,nan,nan,nan,nan,nan,nan,nan,nan,nan,nan,nan,nan,nan,nan,nan,nan,nan,nan,nan,nan,nan,nan,nan,nan,nan,nan,nan,nan,nan,nan,nan,nan,nan,nan,nan,nan,nan,nan,nan,nan,nan,nan,nan,nan,nan,nan,nan,nan,nan,nan,nan,nan,nan,nan,nan,nan,nan,nan,nan,nan,nan,nan,nan,nan,nan,nan,nan,nan,nan,nan,nan,nan,nan,nan,nan,nan,nan,nan,nan,nan,nan,nan,nan,nan,nan,nan,nan,nan,nan,nan,nan,nan,nan,nan,nan,nan,nan,nan,nan,nan,nan,nan,nan,nan,nan,nan,nan,nan,nan,nan,nan,nan,nan,nan,nan,nan,nan,nan,nan,nan,nan,nan,nan,nan,nan,nan,nan,nan,nan,nan,nan,nan,nan,nan,nan,nan,nan,nan,nan,nan,nan,nan,nan,nan,nan,nan,nan,nan,nan,nan,nan,nan,nan,nan,nan,nan,nan,nan,nan,nan,nan,nan,nan,nan,nan,nan,nan,nan,nan,nan,nan,nan,nan,nan,nan,nan,nan,nan,nan,nan,nan,nan,nan,nan,nan,nan,nan,nan,nan,nan,nan,nan,nan,nan,nan,nan,nan,nan,nan,nan
0.08,0.08,0.045,-0.024,-0.04,0.0425,6.12323e-17,1.0,-6.12323e-17,3.7494e-33,0.136649820145,0.0101118071919,0.14524721612,0.539707301537,-0.455010619465,-0.541328320122,0.456776766786,nan,nan,nan,nan,nan,nan,nan,nan,nan,nan,nan,nan,nan,nan,nan,nan,nan,nan,nan,nan,nan,nan,nan,nan,nan,nan,nan,nan,nan,nan,nan,nan,nan,nan,nan,nan,nan,nan,nan,nan,nan,nan,nan,nan,nan,nan,nan,nan,nan,nan,nan,nan,nan,nan,nan,nan,nan,nan,nan,nan,nan,nan,nan,nan,nan,nan,nan,nan,nan,nan,nan,nan,nan,nan,nan,nan,nan,nan,nan,nan,nan,nan,nan,nan,nan,nan,nan,nan,nan,nan,nan,nan,nan,nan,nan,nan,nan,nan,nan,nan,nan,nan,nan,nan,nan,nan,nan,nan,nan,nan,nan,nan,nan,nan,nan,nan,nan,nan,nan,nan,nan,nan,nan,nan,nan,nan,nan,nan,nan,nan,nan,nan,nan,nan,nan,nan,nan,nan,nan,nan,nan,nan,nan,nan,nan,nan,nan,nan,nan,nan,nan,nan,nan,nan,nan,nan,nan,nan,nan,nan,nan,nan,nan,nan,nan,nan,nan,nan,nan,nan,nan,nan,nan,nan,nan,nan,nan,nan,nan,nan,nan,nan,nan,nan,nan,nan,nan,nan,nan,nan,nan,nan,nan,nan,nan,nan,nan,nan,nan,nan,nan,nan,nan,nan,nan,nan,nan,nan,nan,nan,nan,nan,nan
0.08,0.08,0.045,-0.024,-0.04,0.0425,0.58778508449,0.809017116291,-4.95380071207e-17,3.59915051735e-17,0.136950312421,0.0554240312186,0.163189134904,0.123677687749,-0.694846042242,-0.123750152955,0.697551938408,nan,nan,nan,nan,nan,nan,nan,nan,nan,nan,nan,nan,nan,nan,nan,nan,nan,nan,nan,nan,nan,nan,nan,nan,nan,nan,nan,nan,nan,nan,nan,nan,nan,nan,nan,nan,nan,nan,nan,nan,nan,nan,nan,nan,nan,nan,nan,nan,nan,nan,nan,nan,nan,nan,nan,nan,nan,nan,nan,nan,nan,nan,nan,nan,nan,nan,nan,nan,nan,nan,nan,nan,nan,nan,nan,nan,nan,nan,nan,nan,nan,nan,nan,nan,nan,nan,nan,nan,nan,nan,nan,nan,nan,nan,nan,nan,nan,nan,nan,nan,nan,nan,nan,nan,nan,nan,nan,nan,nan,nan,nan,nan,nan,nan,nan,nan,nan,nan,nan,nan,nan,nan,nan,nan,nan,nan,nan,nan,nan,nan,nan,nan,nan,nan,nan,nan,nan,nan,nan,nan,nan,nan,nan,nan,nan,nan,nan,nan,nan,nan,nan,nan,nan,nan,nan,nan,nan,nan,nan,nan,nan,nan,nan,nan,nan,nan,nan,nan,nan,nan,nan,nan,nan,nan,nan,nan,nan,nan,nan,nan,nan,nan,nan,nan,nan,nan,nan,nan,nan,nan,nan,nan,nan,nan,nan,nan,nan,nan,nan,nan,nan,nan,nan,nan,nan,nan,nan,nan,nan,nan,nan,nan,nan
0.08,0.08,0.045,-0.024,-0.024,0.0425,6.12323e-17,1.0,-6.12323e-17,3.7494e-33,0.152695348898,0.00430983322811,0.125376533397,-0.728983703775,0.665930279651,-0.157163310792,0.0204772071963,nan,nan,nan,nan,nan,nan,nan,nan,nan,nan,nan,nan,nan,nan,nan,nan,nan,nan,nan,nan,nan,nan,nan,nan,nan,nan,nan,nan,nan,nan,nan,nan,nan,nan,nan,nan,nan,nan,nan,nan,nan,nan,nan,nan,nan,nan,nan,nan,nan,nan,nan,nan,nan,nan,nan,nan,nan,nan,nan,nan,nan,nan,nan,nan,nan,nan,nan,nan,nan,nan,nan,nan,nan,nan,nan,nan,nan,nan,nan,nan,nan,nan,nan,nan,nan,nan,nan,nan,nan,nan,nan,nan,nan,nan,nan,nan,nan,nan,nan,nan,nan,nan,nan,nan,nan,nan,nan,nan,nan,nan,nan,nan,nan,nan,nan,nan,nan,nan,nan,nan,nan,nan,nan,nan,nan,nan,nan,nan,nan,nan,nan,nan,nan,nan,nan,nan,nan,nan,nan,nan,nan,nan,nan,nan,nan,nan,nan,nan,nan,nan,nan,nan,nan,nan,nan,nan,nan,nan,nan,nan,nan,nan,nan,nan,nan,nan,nan,nan,nan,nan,nan,nan,nan,nan,nan,nan,nan,nan,nan,nan,nan,nan,nan,nan,nan,nan,nan,nan,nan,nan,nan,nan,nan,nan,nan,nan,nan,nan,nan,nan,nan,nan,nan,nan,nan,nan,nan,nan,nan,nan,nan,nan,nan
0.08,0.08,0.045,-0.024,0.04,0.0425,0.951056560832,0.309016857306,1.89218296602e-17,5.82353731087e-17,0.138146106904,-0.016202045735,0.102301378667,-0.155848515597,0.309588821767,-0.0448714168014,0.936937862175,nan,nan,nan,nan,nan,nan,nan,nan,nan,nan,nan,nan,nan,nan,nan,nan,nan,nan,nan,nan,nan,nan,nan,nan,nan,nan,nan,nan,nan,nan,nan,nan,nan,nan,nan,nan,nan,nan,nan,nan,nan,nan,nan,nan,nan,nan,nan,nan,nan,nan,nan,nan,nan,nan,nan,nan,nan,nan,nan,nan,nan,nan,nan,nan,nan,nan,nan,nan,nan,nan,nan,nan,nan,nan,nan,nan,nan,nan,nan,nan,nan,nan,nan,nan,nan,nan,nan,nan,nan,nan,nan,nan,nan,nan,nan,nan,nan,nan,nan,nan,nan,nan,nan,nan,nan,nan,nan,nan,nan,nan,nan,nan,nan,nan,nan,nan,nan,nan,nan,nan,nan,nan,nan,nan,nan,nan,nan,nan,nan,nan,nan,nan,nan,nan,nan,nan,nan,nan,nan,nan,nan,nan,nan,nan,nan,nan,nan,nan,nan,nan,nan,nan,nan,nan,nan,nan,nan,nan,nan,nan,nan,nan,nan,nan,nan,nan,nan,nan,nan,nan,nan,nan,nan,nan,nan,nan,nan,nan,nan,nan,nan,nan,nan,nan,nan,nan,nan,nan,nan,nan,nan,nan,nan,nan,nan,nan,nan,nan,nan,nan,nan,nan,nan,nan,nan,nan,nan,nan,nan,nan,nan,nan,nan
0.08,0.08,0.045,-0.008,-0.04,0.0425,6.12323e-17,1.0,-6.12323e-17,3.7494e-33,0.136183158867,0.00840450612773,0.132971996882,0.197491493559,-0.338734846299,-0.617893902842,0.681515178632,nan,nan,nan,nan,nan,nan,nan,nan,nan,nan,nan,nan,nan,nan,nan,nan,nan,nan,nan,nan,nan,nan,nan,nan,nan,nan,nan,nan,nan,nan,nan,nan,nan,nan,nan,nan,nan,nan,nan,nan,nan,nan,nan,nan,nan,nan,nan,nan,nan,nan,nan,nan,nan,nan,nan,nan,nan,nan,nan,nan,nan,nan,nan,nan,nan,nan,nan,nan,nan,nan,nan,nan,nan,nan,nan,nan,nan,nan,nan,nan,nan,nan,nan,nan,nan,nan,nan,nan,nan,nan,nan,nan,nan,nan,nan,nan,nan,nan,nan,nan,nan,nan,nan,nan,nan,nan,nan,nan,nan,nan,nan,nan,nan,nan,nan,nan,nan,nan,nan,nan,nan,nan,nan,nan,nan,nan,nan,nan,nan,nan,nan,nan,nan,nan,nan,nan,nan,nan,nan,nan,nan,nan,nan,nan,nan,nan,nan,nan,nan,nan,nan,nan,nan,nan,nan,nan,nan,nan,nan,nan,nan,nan,nan,nan,nan,nan,nan,nan,nan,nan,nan,nan,nan,nan,nan,nan,nan,nan,nan,nan,nan,nan,nan,nan,nan,nan,nan,nan,nan,nan,nan,nan,nan,nan,nan,nan,nan,nan,nan,nan,nan,nan,nan,nan,nan,nan,nan,nan,nan,nan,nan,nan,nan
0.08,0.08,0.045,-0.008,-0.024,0.0425,6.12323e-17,1.0,-6.12323e-17,3.7494e-33,0.0925131107828,0.0111116087148,0.0976030739579,0.660943750708,-0.686780613271,-0.203104415389,0.224130194497,0.150170205807,0.152319597337,0.639230661265,0.726248089386,0.672555448353,0.731121727735,0.720142044939,0.369631601556,0.572994165991,0.270357419997,0.406158987218,0.378118466155,0.481531062137,0.59068572599,0.00736022091255,0.549450086629,0.468591000737,0.699617298193,0.612295712378,0.00888939022075,0.726958563392,0.139798535905,0.616733306022,0.54631163899,0.689730498719,0.587996370745,0.72983555323,0.69012597593,0.830528384845,-4.70430805422e-10,0.00909267246512,0.493689638637,0.451859208314,nan,nan,nan,nan,nan,nan,nan,nan,nan,nan,nan,nan,nan,nan,nan,nan,nan,nan,nan,nan,nan,nan,nan,nan,0.0399366845061,0.0375075423811,0.0150167428943,nan,nan,nan,nan,nan,nan,nan,nan,nan,nan,nan,nan,nan,nan,nan,nan,nan,nan,nan,nan,nan,nan,nan,nan,nan,nan,nan,nan,nan,nan,-0.0400032888526,0.030494861283,0.0114213786213,nan,nan,nan,nan,nan,nan,nan,nan,nan,nan,nan,nan,nan,nan,nan,nan,nan,nan,nan,nan,nan,nan,nan,nan,nan,nan,nan,nan,nan,nan,nan,nan,nan,nan,nan,nan,nan,nan,nan,nan,nan,nan,nan,nan,nan,nan,nan,nan,22.3402597613,-0.205245061282,-1.7470205185,0.0,0.0,0.0,nan,nan,nan,nan,nan,nan,nan,nan,nan,nan,nan,nan,nan,nan,nan,nan,nan,nan,nan,nan,nan,nan,nan,nan,nan,nan,nan,nan,nan,nan,nan,nan,nan,nan,nan,nan,nan,nan,nan,nan,nan,nan,nan,nan,nan,nan,nan,nan,nan,nan,nan,nan,nan,nan,nan,nan,nan,nan,nan,nan,-22.3248281417,-3.88795027585,-1.36069737298,-4.21090720388e-19,-3.4637563535e-18,1.68058606482e-17
0.08,0.08,0.045,-0.008,0.04,0.0425,0.951056560832,0.309016857306,1.89218296602e-17,5.82353731087e-17,0.0720828736082,0.0122850872094,0.12636256464,-0.357198318801,-0.515939828025,0.0778845898096,0.774693129938,0.140465717892,0.157874195808,0.69116979054,0.756845257914,0.722863639734,0.760681149084,0.758058457994,0.305613095727,0.756770597894,0.759176781268,0.304102674229,0.758347841584,0.757120651586,0.756922549885,0.34468928085,0.383990512192,-3.47628708042e-08,0.463658540354,0.0969059423403,5.07191870929e-05,0.497183715761,0.433263298443,0.16831548404,0.134848951971,0.367988723054,0.313170984508,0.647682897071,0.609203768604,1.19911754727,5.51913650693e-06,6.69606592396e-11,0.22214979646,0.337159067073,nan,nan,nan,nan,nan,nan,nan,nan,nan,nan,nan,nan,nan,nan,nan,nan,nan,nan,nan,nan,nan,nan,nan,nan,nan,nan,nan,nan,nan,nan,nan,nan,nan,nan,nan,nan,0.00980033144119,-0.0399854296734,0.0198824071624,nan,nan,nan,nan,nan,nan,nan,nan,nan,-0.0181817613078,-0.0399780284847,0.0102398070718,nan,nan,nan,nan,nan,nan,-0.00494826316307,0.0399619221651,0.0104968054571,nan,nan,nan,nan,nan,nan,nan,nan,nan,nan,nan,nan,nan,nan,nan,nan,nan,nan,nan,nan,nan,nan,nan,nan,nan,nan,nan,nan,nan,nan,nan,nan,nan,nan,nan,nan,nan,nan,nan,nan,nan,nan,nan,nan,nan,nan,nan,nan,nan,nan,nan,nan,nan,nan,nan,nan,nan,nan,nan,nan,nan,nan,nan,nan,nan,nan,nan,nan,nan,nan,nan,nan,3.00517906526,-16.8110226072,4.20945876961,4.6339799793e-05,0.00826723018235,7.87071001234e-05,nan,nan,nan,nan,nan,nan,nan,nan,nan,nan,nan,nan,nan,nan,nan,nan,nan,nan,0.0969238062385,-8.78323875113,-4.89707120205,-1.98759464617e-06,0.000726146100816,8.6340261293e-09,nan,nan,nan,nan,nan,nan,nan,nan,nan,nan,nan,nan,-0.540046058176,26.2027417913,-3.31912567177,0.0,0.0,0.0
0.08,0.08,0.045,0.008,-0.04,0.0425,6.12323e-17,1.0,-6.12323e-17,3.7494e-33,0.150171124431,-0.00806074703365,0.130987954031,0.0693681429292,-0.457586261739,-0.582041313041,0.668603607324,nan,nan,nan,nan,nan,nan,nan,nan,nan,nan,nan,nan,nan,nan,nan,nan,nan,nan,nan,nan,nan,nan,nan,nan,nan,nan,nan,nan,nan,nan,nan,nan,nan,nan,nan,nan,nan,nan,nan,nan,nan,nan,nan,nan,nan,nan,nan,nan,nan,nan,nan,nan,nan,nan,nan,nan,nan,nan,nan,nan,nan,nan,nan,nan,nan,nan,nan,nan,nan,nan,nan,nan,nan,nan,nan,nan,nan,nan,nan,nan,nan,nan,nan,nan,nan,nan,nan,nan,nan,nan,nan,nan,nan,nan,nan,nan,nan,nan,nan,nan,nan,nan,nan,nan,nan,nan,nan,nan,nan,nan,nan,nan,nan,nan,nan,nan,nan,nan,nan,nan,nan,nan,nan,nan,nan,nan,nan,nan,nan,nan,nan,nan,nan,nan,nan,nan,nan,nan,nan,nan,nan,nan,nan,nan,nan,nan,nan,nan,nan,nan,nan,nan,nan,nan,nan,nan,nan,nan,nan,nan,nan,nan,nan,nan,nan,nan,nan,nan,nan,nan,nan,nan,nan,nan,nan,nan,nan,nan,nan,nan,nan,nan,nan,nan,nan,nan,nan,nan,nan,nan,nan,nan,nan,nan,nan,nan,nan,nan,nan,nan,nan,nan,nan,nan,nan,nan,nan,nan,nan,nan,nan,nan,nan
0.08,0.08,0.045,0.008,-0.024,0.0425,6.12323e-17,1.0,-6.12323e-17,3.7494e-33,0.0802963969309,0.0111510551781,0.115853911923,0.109688905559,-0.258862947594,-0.703704461045,0.652501609091,0.179407347898,0.0966549292174,0.324209594202,0.546477175599,0.423798118907,0.63368240793,0.622041047936,0.312696657689,0.740233174788,0.770849645337,0.325899670281,0.777309268127,0.756880361975,0.764701250174,0.118912704668,0.525393873277,0.218089094555,0.554561947366,0.243632295515,0.0013043832255,0.550996308709,0.511715054197,0.309654951857,0.145660803554,0.414468163359,0.238215955904,0.602217059452,0.520443305394,0.75885318247,0.130155105499,0.0411445900477,0.321619592372,0.504741018792,nan,nan,nan,nan,nan,nan,nan,nan,nan,nan,nan,nan,nan,nan,nan,nan,nan,nan,nan,nan,nan,0.0399061536375,-0.0381798894701,0.00662246709609,nan,nan,nan,nan,nan,nan,nan,nan,nan,nan,nan,nan,nan,nan,nan,nan,nan,nan,nan,nan,nan,nan,nan,nan,nan,nan,nan,nan,nan,nan,nan,nan,nan,-0.0400338994773,-0.0220694315028,0.0128405759415,nan,nan,nan,nan,nan,nan,nan,nan,nan,nan,nan,nan,nan,nan,nan,nan,nan,nan,nan,nan,nan,nan,nan,nan,nan,nan,nan,nan,nan,nan,nan,nan,nan,nan,nan,nan,nan,nan,nan,nan,nan,nan,0.0,0.0,0.0,0.0,0.0,0.0,nan,nan,nan,nan,nan,nan,nan,nan,nan,nan,nan,nan,nan,nan,nan,nan,nan,nan,nan,nan,nan,nan,nan,nan,nan,nan,nan,nan,nan,nan,nan,nan,nan,nan,nan,nan,nan,nan,nan,nan,nan,nan,nan,nan,nan,nan,nan,nan,nan,nan,nan,nan,nan,nan,nan,nan,nan,nan,nan,nan,nan,nan,nan,nan,nan,nan,-1.26031587946,0.266993857556,0.0721304984067,-4.06503269771e-18,-1.00046626359e-17,-3.39945216371e-17
0.08,0.08,0.045,0.008,0.04,0.0425,0.951056560832,0.309016857306,1.89218296602e-17,5.82353731087e-17,0.136898292131,-0.00431463597432,0.0507037748322,-0.333867527249,-0.622701583238,0.334278394959,0.623725233693,nan,nan,nan,nan,nan,nan,nan,nan,nan,nan,nan,nan,nan,nan,nan,nan,nan,nan,nan,nan,nan,nan,nan,nan,nan,nan,nan,nan,nan,nan,nan,nan,nan,nan,nan,nan,nan,nan,nan,nan,nan,nan,nan,nan,nan,nan,nan,nan,nan,nan,nan,nan,nan,nan,nan,nan,nan,nan,nan,nan,nan,nan,nan,nan,nan,nan,nan,nan,nan,nan,nan,nan,nan,nan,nan,nan,nan,nan,nan,nan,nan,nan,nan,nan,nan,nan,nan,nan,nan,nan,nan,nan,nan,nan,nan,nan,nan,nan,nan,nan,nan,nan,nan,nan,nan,nan,nan,nan,nan,nan,nan,nan,nan,nan,nan,nan,nan,nan,nan,nan,nan,nan,nan,nan,nan,nan,nan,nan,nan,nan,nan,nan,nan,nan,nan,nan,nan,nan,nan,nan,nan,nan,nan,nan,nan,nan,nan,nan,nan,nan,nan,nan,nan,nan,nan,nan,nan,nan,nan,nan,nan,nan,nan,nan,nan,nan,nan,nan,nan,nan,nan,nan,nan,nan,nan,nan,nan,nan,nan,nan,nan,nan,nan,nan,nan,nan,nan,nan,nan,nan,nan,nan,nan,nan,nan,nan,nan,nan,nan,nan,nan,nan,nan,nan,nan,nan,nan,nan,nan,nan,nan,nan,nan
0.08,0.08,0.045,0.024,-0.04,0.0425,6.12323e-17,1.0,-6.12323e-17,3.7494e-33,0.13720036583,0.0552572695123,0.160322407711,0.50974763466,-0.489118397298,-0.510685657598,0.490021123532,nan,nan,nan,nan,nan,nan,nan,nan,nan,nan,nan,nan,nan,nan,nan,nan,nan,nan,nan,nan,nan,nan,nan,nan,nan,nan,nan,nan,nan,nan,nan,nan,nan,nan,nan,nan,nan,nan,nan,nan,nan,nan,nan,nan,nan,nan,nan,nan,nan,nan,nan,nan,nan,nan,nan,nan,nan,nan,nan,nan,nan,nan,nan,nan,nan,nan,nan,nan,nan,nan,nan,nan,nan,nan,nan,nan,nan,nan,nan,nan,nan,nan,nan,nan,nan,nan,nan,nan,nan,nan,nan,nan,nan,nan,nan,nan,nan,nan,nan,nan,nan,nan,nan,nan,nan,nan,nan,nan,nan,nan,nan,nan,nan,nan,nan,nan,nan,nan,nan,nan,nan,nan,nan,nan,nan,nan,nan,nan,nan,nan,nan,nan,nan,nan,nan,nan,nan,nan,nan,nan,nan,nan,nan,nan,nan,nan,nan,nan,nan,nan,nan,nan,nan,nan,nan,nan,nan,nan,nan,nan,nan,nan,nan,nan,nan,nan,nan,nan,nan,nan,nan,nan,nan,nan,nan,nan,nan,nan,nan,nan,nan,nan,nan,nan,nan,nan,nan,nan,nan,nan,nan,nan,nan,nan,nan,nan,nan,nan,nan,nan,nan,nan,nan,nan,nan,nan,nan,nan,nan,nan,nan,nan,nan
0.08,0.08,0.045,0.024,-0.04,0.0425,-0.58778508449,0.809017116291,-4.95380071207e-17,-3.59915051735e-17,0.15079400292,0.00850722295398,0.161862345451,0.565507482511,0.157813087582,0.791917229095,0.167819602173,nan,nan,nan,nan,nan,nan,nan,nan,nan,nan,nan,nan,nan,nan,nan,nan,nan,nan,nan,nan,nan,nan,nan,nan,nan,nan,nan,nan,nan,nan,nan,nan,nan,nan,nan,nan,nan,nan,nan,nan,nan,nan,nan,nan,nan,nan,nan,nan,nan,nan,nan,nan,nan,nan,nan,nan,nan,nan,nan,nan,nan,nan,nan,nan,nan,nan,nan,nan,nan,nan,nan,nan,nan,nan,nan,nan,nan,nan,nan,nan,nan,nan,nan,nan,nan,nan,nan,nan,nan,nan,nan,nan,nan,nan,nan,nan,nan,nan,nan,nan,nan,nan,nan,nan,nan,nan,nan,nan,nan,nan,nan,nan,nan,nan,nan,nan,nan,nan,nan,nan,nan,nan,nan,nan,nan,nan,nan,nan,nan,nan,nan,nan,nan,nan,nan,nan,nan,nan,nan,nan,nan,nan,nan,nan,nan,nan,nan,nan,nan,nan,nan,nan,nan,nan,nan,nan,nan,nan,nan,nan,nan,nan,nan,nan,nan,nan,nan,nan,nan,nan,nan,nan,nan,nan,nan,nan,nan,nan,nan,nan,nan,nan,nan,nan,nan,nan,nan,nan,nan,nan,nan,nan,nan,nan,nan,nan,nan,nan,nan,nan,nan,nan,nan,nan,nan,nan,nan,nan,nan,nan,nan,nan,nan
0.08,0.08,0.045,0.024,-0.024,0.0425,-0.58778508449,0.809017116291,-4.95380071207e-17,-3.59915051735e-17,0.057474853989,0.0044106014325,0.0938646763502,0.773002782112,-0.134825173912,-0.60962261774,0.112468374516,0.0787529830745,0.000519004403734,0.394766364397,0.46143701969,0.519167938469,0.613684839665,0.711956865665,0.492507071198,0.574000952872,0.194952301954,0.357747774223,0.370382811546,0.467127950107,0.63070488309,-0.110686207528,0.418743001429,0.140772561138,0.609139661073,0.400112228205,-7.26442017651e-10,0.680660000488,0.523599513253,0.25778860369,0.07318136759,0.421543653388,0.262344489547,0.664655196322,0.615918088503,0.877205988532,0.111084011999,0.000100010333236,0.283965400378,0.490229703264,nan,nan,nan,nan,nan,nan,nan,nan,nan,nan,nan,nan,-0.040013853732,-0.00645555842409,0.00701133669181,nan,nan,nan,nan,nan,nan,nan,nan,nan,-0.00566028252801,0.0399981518566,-0.000764734356827,nan,nan,nan,nan,nan,nan,nan,nan,nan,-0.0400123256972,0.0149280152206,-0.00673038041374,nan,nan,nan,nan,nan,nan,nan,nan,nan,-0.0341600520888,0.0399879954472,0.00324158504174,nan,nan,nan,-0.0124958674507,-0.0399994753685,0.0198741986102,-0.0251141274646,-0.0399634775294,-0.00963108116594,nan,nan,nan,nan,nan,nan,nan,nan,nan,nan,nan,nan,nan,nan,nan,nan,nan,nan,nan,nan,nan,nan,nan,nan,-33.9729054484,1.06293922948,-1.23027619263,0.0,0.0,0.0,nan,nan,nan,nan,nan,nan,nan,nan,nan,nan,nan,nan,nan,nan,nan,nan,nan,nan,19.851616595,48.0616390264,-12.518591588,1.39118019609e-15,-5.1487344944e-16,2.29379956665e-16,nan,nan,nan,nan,nan,nan,nan,nan,nan,nan,nan,nan,nan,nan,nan,nan,nan,nan,-17.1237785281,0.000795465374532,-0.000549057812446,3.83277828892e-20,7.69066179511e-16,-8.11407253206e-17,nan,nan,nan,nan,nan,nan,nan,nan,nan,nan,nan,nan,nan,nan,nan,nan,nan,nan,8.92287060254,12.9213019997,-5.62722808109,5.2369712744e-05,0.00621994988473,8.26731484561e-05,nan,nan,nan,nan,nan,nan,12.4586449204,-48.7020472835,-3.25621275757,0.0,0.0,0.0,10.151404321,-15.1439889003,16.0958764914,0.000678848307277,-0.0202060985552,-0.000429076382708
0.08,0.08,0.045,0.024,-0.008,0.0425,-0.58778508449,0.809017116291,-4.95380071207e-17,-3.59915051735e-17,0.144588895708,0.00111594588509,0.0659911622161,0.430116478401,-0.0264192233193,0.898976477214,0.0783781414866,nan,nan,nan,nan,nan,nan,nan,nan,nan,nan,nan,nan,nan,nan,nan,nan,nan,nan,nan,nan,nan,nan,nan,nan,nan,nan,nan,nan,nan,nan,nan,nan,nan,nan,nan,nan,nan,nan,nan,nan,nan,nan,nan,nan,nan,nan,nan,nan,nan,nan,nan,nan,nan,nan,nan,nan,nan,nan,nan,nan,nan,nan,nan,nan,nan,nan,nan,nan,nan,nan,nan,nan,nan,nan,nan,nan,nan,nan,nan,nan,nan,nan,nan,nan,nan,nan,nan,nan,nan,nan,nan,nan,nan,nan,nan,nan,nan,nan,nan,nan,nan,nan,nan,nan,nan,nan,nan,nan,nan,nan,nan,nan,nan,nan,nan,nan,nan,nan,nan,nan,nan,nan,nan,nan,nan,nan,nan,nan,nan,nan,nan,nan,nan,nan,nan,nan,nan,nan,nan,nan,nan,nan,nan,nan,nan,nan,nan,nan,nan,nan,nan,nan,nan,nan,nan,nan,nan,nan,nan,nan,nan,nan,nan,nan,nan,nan,nan,nan,nan,nan,nan,nan,nan,nan,nan,nan,nan,nan,nan,nan,nan,nan,nan,nan,nan,nan,nan,nan,nan,nan,nan,nan,nan,nan,nan,nan,nan,nan,nan,nan,nan,nan,nan,nan,nan,nan,nan,nan,nan,nan,nan,nan,nan
0.08,0.08,0.045,0.024,0.04,0.0425,0.951056560832,0.309016857306,1.89218296602e-17,5.82353731087e-17,0.136733365678,-0.0100630944826,0.0504014795362,-0.392336408703,-0.587657305045,0.393052045114,0.588422572702,nan,nan,nan,nan,nan,nan,nan,nan,nan,nan,nan,nan,nan,nan,nan,nan,nan,nan,nan,nan,nan,nan,nan,nan,nan,nan,nan,nan,nan,nan,nan,nan,nan,nan,nan,nan,nan,nan,nan,nan,nan,nan,nan,nan,nan,nan,nan,nan,nan,nan,nan,nan,nan,nan,nan,nan,nan,nan,nan,nan,nan,nan,nan,nan,nan,nan,nan,nan,nan,nan,nan,nan,nan,nan,nan,nan,nan,nan,nan,nan,nan,nan,nan,nan,nan,nan,nan,nan,nan,nan,nan,nan,nan,nan,nan,nan,nan,nan,nan,nan,nan,nan,nan,nan,nan,nan,nan,nan,nan,nan,nan,nan,nan,nan,nan,nan,nan,nan,nan,nan,nan,nan,nan,nan,nan,nan,nan,nan,nan,nan,nan,nan,nan,nan,nan,nan,nan,nan,nan,nan,nan,nan,nan,nan,nan,nan,nan,nan,nan,nan,nan,nan,nan,nan,nan,nan,nan,nan,nan,nan,nan,nan,nan,nan,nan,nan,nan,nan,nan,nan,nan,nan,nan,nan,nan,nan,nan,nan,nan,nan,nan,nan,nan,nan,nan,nan,nan,nan,nan,nan,nan,nan,nan,nan,nan,nan,nan,nan,nan,nan,nan,nan,nan,nan,nan,nan,nan,nan,nan,nan,nan,nan,nan
0.08,0.08,0.045,0.04,-0.04,0.0425,6.12323e-17,1.0,-6.12323e-17,3.7494e-33,0.13721048408,0.0713933008501,0.162030550391,0.513070335767,-0.485585899836,-0.513958106313,0.486633567885,nan,nan,nan,nan,nan,nan,nan,nan,nan,nan,nan,nan,nan,nan,nan,nan,nan,nan,nan,nan,nan,nan,nan,nan,nan,nan,nan,nan,nan,nan,nan,nan,nan,nan,nan,nan,nan,nan,nan,nan,nan,nan,nan,nan,nan,nan,nan,nan,nan,nan,nan,nan,nan,nan,nan,nan,nan,nan,nan,nan,nan,nan,nan,nan,nan,nan,nan,nan,nan,nan,nan,nan,nan,nan,nan,nan,nan,nan,nan,nan,nan,nan,nan,nan,nan,nan,nan,nan,nan,nan,nan,nan,nan,nan,nan,nan,nan,nan,nan,nan,nan,nan,nan,nan,nan,nan,nan,nan,nan,nan,nan,nan,nan,nan,nan,nan,nan,nan,nan,nan,nan,nan,nan,nan,nan,nan,nan,nan,nan,nan,nan,nan,nan,nan,nan,nan,nan,nan,nan,nan,nan,nan,nan,nan,nan,nan,nan,nan,nan,nan,nan,nan,nan,nan,nan,nan,nan,nan,nan,nan,nan,nan,nan,nan,nan,nan,nan,nan,nan,nan,nan,nan,nan,nan,nan,nan,nan,nan,nan,nan,nan,nan,nan,nan,nan,nan,nan,nan,nan,nan,nan,nan,nan,nan,nan,nan,nan,nan,nan,nan,nan,nan,nan,nan,nan,nan,nan,nan,nan,nan,nan,nan,nan
0.08,0.08,0.045,0.04,-0.04,0.0425,-0.58778508449,0.809017116291,-4.95380071207e-17,-3.59915051735e-17,0.137179325377,0.00747693312334,0.16049967423,0.704054185742,-0.0592719948154,-0.705173862916,0.0593662970866,nan,nan,nan,nan,nan,nan,nan,nan,nan,nan,nan,nan,nan,nan,nan,nan,nan,nan,nan,nan,nan,nan,nan,nan,nan,nan,nan,nan,nan,nan,nan,nan,nan,nan,nan,nan,nan,nan,nan,nan,nan,nan,nan,nan,nan,nan,nan,nan,nan,nan,nan,nan,nan,nan,nan,nan,nan,nan,nan,nan,nan,nan,nan,nan,nan,nan,nan,nan,nan,nan,nan,nan,nan,nan,nan,nan,nan,nan,nan,nan,nan,nan,nan,nan,nan,nan,nan,nan,nan,nan,nan,nan,nan,nan,nan,nan,nan,nan,nan,nan,nan,nan,nan,nan,nan,nan,nan,nan,nan,nan,nan,nan,nan,nan,nan,nan,nan,nan,nan,nan,nan,nan,nan,nan,nan,nan,nan,nan,nan,nan,nan,nan,nan,nan,nan,nan,nan,nan,nan,nan,nan,nan,nan,nan,nan,nan,nan,nan,nan,nan,nan,nan,nan,nan,nan,nan,nan,nan,nan,nan,nan,nan,nan,nan,nan,nan,nan,nan,nan,nan,nan,nan,nan,nan,nan,nan,nan,nan,nan,nan,nan,nan,nan,nan,nan,nan,nan,nan,nan,nan,nan,nan,nan,nan,nan,nan,nan,nan,nan,nan,nan,nan,nan,nan,nan,nan,nan,nan,nan,nan,nan,nan,nan
0.08,0.08,0.045,0.04,-0.024,0.0425,-0.58778508449,0.809017116291,-4.95380071207e-17,-3.59915051735e-17,0.114170164767,-0.00761669603715,0.130407864807,0.308525179757,-0.34197063288,-0.88742989964,0.0183431984273,0.135888126142,0.15260755981,0.666267022714,0.710856609554,0.689490669245,0.71268952545,0.712160820541,0.288656149637,0.71537510299,0.738624393024,0.290279594245,0.733800682426,0.714401754428,0.723869189286,-0.0698715579674,0.582357187994,0.325180749403,0.620604084732,0.44904685497,9.30832496078e-05,0.610726165731,0.489462260503,0.317027984997,0.0146723149763,0.418298091252,0.137195325748,0.556991004587,0.456815290583,1.37262962543,0.0438369980229,0.0297298204411,0.305367422047,0.424873400144,nan,nan,nan,nan,nan,nan,nan,nan,nan,nan,nan,nan,nan,nan,nan,nan,nan,nan,nan,nan,nan,nan,nan,nan,nan,nan,nan,nan,nan,nan,nan,nan,nan,nan,nan,nan,nan,nan,nan,nan,nan,nan,nan,nan,nan,nan,nan,nan,nan,nan,nan,nan,nan,nan,nan,nan,nan,nan,nan,nan,nan,nan,nan,nan,nan,nan,nan,nan,nan,nan,nan,nan,nan,nan,nan,nan,nan,nan,nan,nan,nan,nan,nan,nan,nan,nan,nan,nan,nan,nan,nan,nan,nan,nan,nan,nan,nan,nan,nan,nan,nan,nan,nan,nan,nan,nan,nan,nan,nan,nan,nan,nan,nan,nan,nan,nan,nan,nan,nan,nan,nan,nan,nan,nan,nan,nan,nan,nan,nan,nan,nan,nan,nan,nan,nan,nan,nan,nan,nan,nan,nan,nan,nan,nan,nan,nan,nan,nan,nan,nan,nan,nan,nan,nan,nan,nan,nan,nan,nan,nan,nan,nan,nan,nan,nan,nan,nan,nan,nan,nan,nan,nan,nan,nan,nan,nan,nan,nan,nan,nan
0.08,0.08,0.045,0.04,-0.008,0.0425,-0.58778508449,0.809017116291,-4.95380071207e-17,-3.59915051735e-17,0.142127048814,-0.0139891414601,0.107825074083,0.143272086655,0.219721620712,0.963899702921,0.0457480194837,nan,nan,nan,nan,nan,nan,nan,nan,nan,nan,nan,nan,nan,nan,nan,nan,nan,nan,nan,nan,nan,nan,nan,nan,nan,nan,nan,nan,nan,nan,nan,nan,nan,nan,nan,nan,nan,nan,nan,nan,nan,nan,nan,nan,nan,nan,nan,nan,nan,nan,nan,nan,nan,nan,nan,nan,nan,nan,nan,nan,nan,nan,nan,nan,nan,nan,nan,nan,nan,nan,nan,nan,nan,nan,nan,nan,nan,nan,nan,nan,nan,nan,nan,nan,nan,nan,nan,nan,nan,nan,nan,nan,nan,nan,nan,nan,nan,nan,nan,nan,nan,nan,nan,nan,nan,nan,nan,nan,nan,nan,nan,nan,nan,nan,nan,nan,nan,nan,nan,nan,nan,nan,nan,nan,nan,nan,nan,nan,nan,nan,nan,nan,nan,nan,nan,nan,nan,nan,nan,nan,nan,nan,nan,nan,nan,nan,nan,nan,nan,nan,nan,nan,nan,nan,nan,nan,nan,nan,nan,nan,nan,nan,nan,nan,nan,nan,nan,nan,nan,nan,nan,nan,nan,nan,nan,nan,nan,nan,nan,nan,nan,nan,nan,nan,nan,nan,nan,nan,nan,nan,nan,nan,nan,nan,nan,nan,nan,nan,nan,nan,nan,nan,nan,nan,nan,nan,nan,nan,nan,nan,nan,nan,nan
0.08,0.08,0.045,0.04,0.008,0.0425,-0.58778508449,0.809017116291,-4.95380071207e-17,-3.59915051735e-17,0.0851139569406,0.0136244725293,0.143707379609,0.287393449617,-0.558292775956,-0.777839730896,0.0260678820153,0.0200120473871,0.0629125992601,0.486953134268,0.626348660357,0.568728697046,0.67651640286,0.683757431608,0.289897406567,0.717083677396,0.726315983937,0.287087779322,0.7264833765,0.717256858572,0.724331087795,0.347789294848,0.326900410299,-3.13677972485e-10,0.412124442495,0.0496604773883,-1.68992819738e-10,0.481018138327,0.17005325547,0.326577437679,0.736089576528,0.501959815748,0.729475079746,0.718833744049,0.725933232731,1.47765825008,-1.06544817413e-09,-2.70714493222e-06,0.491213317274,0.360493801576,nan,nan,nan,nan,nan,nan,nan,nan,nan,nan,nan,nan,nan,nan,nan,nan,nan,nan,nan,nan,nan,nan,nan,nan,nan,nan,nan,nan,nan,nan,nan,nan,nan,nan,nan,nan,0.0343521298466,0.039998503524,0.0104036844323,nan,nan,nan,nan,nan,nan,nan,nan,nan,nan,nan,nan,nan,nan,nan,nan,nan,nan,0.0275801600841,-0.0399876054723,0.00593108650744,nan,nan,nan,nan,nan,nan,nan,nan,nan,nan,nan,nan,nan,nan,nan,nan,nan,nan,nan,nan,nan,nan,nan,nan,nan,nan,nan,nan,nan,nan,nan,nan,nan,nan,nan,nan,nan,nan,nan,nan,nan,nan,nan,nan,nan,nan,nan,nan,nan,nan,nan,nan,nan,nan,nan,nan,nan,nan,nan,nan,nan,nan,nan,nan,nan,nan,nan,nan,nan,nan,nan,nan,-0.811701205006,25.068064716,-0.126031679527,-3.32306310947e-16,-7.81277664626e-18,5.86219613386e-16,nan,nan,nan,nan,nan,nan,nan,nan,nan,nan,nan,nan,nan,nan,nan,nan,nan,nan,nan,nan,nan,nan,nan,nan,nan,nan,nan,nan,nan,nan,nan,nan,nan,nan,nan,nan,-3.36894191635,-26.9251947327,-2.06408164856,0.0,0.0,0.0
0.08,0.08,0.045,0.04,0.024,0.0425,0.951056560832,-0.309016857306,-1.89218296602e-17,5.82353731087e-17,0.135194787231,0.000480571586597,0.133691671478,-0.552421583037,-0.0238668714204,0.650857087685,0.520236310204,0.138996389523,0.153044529801,0.67030517971,0.708243793918,0.683672007235,0.709544883653,0.705297554663,0.296963330156,0.710175297486,0.724771456151,0.289374339539,0.724056168245,0.708626395482,0.718173473923,-0.0413334451007,0.630003438671,0.438130187205,0.65647306564,0.525247202515,0.00446539924971,0.647617183397,0.446347596986,0.366020716823,0.0357563075429,0.446472822829,0.146255815163,0.560073931678,0.458009110023,1.37108452296,0.0196293974929,0.0532287071383,0.328456582026,0.428746453056,nan,nan,nan,nan,nan,nan,nan,nan,nan,nan,nan,nan,nan,nan,nan,nan,nan,nan,nan,nan,nan,nan,nan,nan,nan,nan,nan,nan,nan,nan,nan,nan,nan,nan,nan,nan,nan,nan,nan,nan,nan,nan,nan,nan,nan,nan,nan,nan,nan,nan,nan,nan,nan,nan,nan,nan,nan,nan,nan,nan,nan,nan,nan,nan,nan,nan,nan,nan,nan,nan,nan,nan,nan,nan,nan,nan,nan,nan,nan,nan,nan,nan,nan,nan,nan,nan,nan,nan,nan,nan,nan,nan,nan,nan,nan,nan,nan,nan,nan,nan,nan,nan,nan,nan,nan,nan,nan,nan,nan,nan,nan,nan,nan,nan,nan,nan,nan,nan,nan,nan,nan,nan,nan,nan,nan,nan,nan,nan,nan,nan,nan,nan,nan,nan,nan,nan,nan,nan,nan,nan,nan,nan,nan,nan,nan,nan,nan,nan,nan,nan,nan,nan,nan,nan,nan,nan,nan,nan,nan,nan,nan,nan,nan,nan,nan,nan,nan,nan,nan,nan,nan,nan,nan,nan,nan,nan,nan,nan,nan,nan
0.08,0.08,0.045,0.04,0.04,0.0425,0.951056560832,0.309016857306,1.89218296602e-17,5.82353731087e-17,0.136599437794,-0.0557654122942,0.05400071721,-0.600188544596,-0.373002735036,0.600875949511,0.3736184737,nan,nan,nan,nan,nan,nan,nan,nan,nan,nan,nan,nan,nan,nan,nan,nan,nan,nan,nan,nan,nan,nan,nan,nan,nan,nan,nan,nan,nan,nan,nan,nan,nan,nan,nan,nan,nan,nan,nan,nan,nan,nan,nan,nan,nan,nan,nan,nan,nan,nan,nan,nan,nan,nan,nan,nan,nan,nan,nan,nan,nan,nan,nan,nan,nan,nan,nan,nan,nan,nan,nan,nan,nan,nan,nan,nan,nan,nan,nan,nan,nan,nan,nan,nan,nan,nan,nan,nan,nan,nan,nan,nan,nan,nan,nan,nan,nan,nan,nan,nan,nan,nan,nan,nan,nan,nan,nan,nan,nan,nan,nan,nan,nan,nan,nan,nan,nan,nan,nan,nan,nan,nan,nan,nan,nan,nan,nan,nan,nan,nan,nan,nan,nan,nan,nan,nan,nan,nan,nan,nan,nan,nan,nan,nan,nan,nan,nan,nan,nan,nan,nan,nan,nan,nan,nan,nan,nan,nan,nan,nan,nan,nan,nan,nan,nan,nan,nan,nan,nan,nan,nan,nan,nan,nan,nan,nan,nan,nan,nan,nan,nan,nan,nan,nan,nan,nan,nan,nan,nan,nan,nan,nan,nan,nan,nan,nan,nan,nan,nan,nan,nan,nan,nan,nan,nan,nan,nan,nan,nan,nan,nan,nan,nan
