0.08,0.065,0.065,-0.06,-0.0325,0.0325,-0.218507995317,0.672497985586,-0.218507995317,0.672499049329,0.107180915622,0.132827090513,0.205504656466,0.875701457919,-0.164498825877,0.0838168889733,0.446163447635,nan,nan,nan,nan,nan,nan,nan,nan,nan,nan,nan,nan,nan,nan,nan,nan,nan,nan,nan,nan,nan,nan,nan,nan,nan,nan,nan,nan,nan,nan,nan,nan,nan,nan,nan,nan,nan,nan,nan,nan,nan,nan,nan,nan,nan,nan,nan,nan,nan,nan,nan,nan,nan,nan,nan,nan,nan,nan,nan,nan,nan,nan,nan,nan,nan,nan,nan,nan,nan,nan,nan,nan,nan,nan,nan,nan,nan,nan,nan,nan,nan,nan,nan,nan,nan,nan,nan,nan,nan,nan,nan,nan,nan,nan,nan,nan,nan,nan,nan,nan,nan,nan,nan,nan,nan,nan,nan,nan,nan,nan,nan,nan,nan,nan,nan,nan,nan,nan,nan,nan,nan,nan,nan,nan,nan,nan,nan,nan,nan,nan,nan,nan,nan,nan,nan,nan,nan,nan,nan,nan,nan,nan,nan,nan,nan,nan,nan,nan,nan,nan,nan,nan,nan,nan,nan,nan,nan,nan,nan,nan,nan,nan,nan,nan,nan,nan,nan,nan,nan,nan,nan,nan,nan,nan,nan,nan,nan,nan,nan,nan,nan,nan,nan,nan,nan,nan,nan,nan,nan,nan,nan,nan,nan,nan,nan,nan,nan,nan,nan,nan,nan,nan,nan,nan,nan,nan,nan,nan,nan,nan,nan,nan,nan
0.08,0.065,0.065,-0.06,-0.0195,0.0325,-0.218507995317,0.672497985586,-0.218507995317,0.672499049329,0.10103527115,0.128753575552,0.211110652188,0.874616956767,0.169887407341,-0.0865333303841,0.445752656184,nan,nan,nan,nan,nan,nan,nan,nan,nan,nan,nan,nan,nan,nan,nan,nan,nan,nan,nan,nan,nan,nan,nan,nan,nan,nan,nan,nan,nan,nan,nan,nan,nan,nan,nan,nan,nan,nan,nan,nan,nan,nan,nan,nan,nan,nan,nan,nan,nan,nan,nan,nan,nan,nan,nan,nan,nan,nan,nan,nan,nan,nan,nan,nan,nan,nan,nan,nan,nan,nan,nan,nan,nan,nan,nan,nan,nan,nan,nan,nan,nan,nan,nan,nan,nan,nan,nan,nan,nan,nan,nan,nan,nan,nan,nan,nan,nan,nan,nan,nan,nan,nan,nan,nan,nan,nan,nan,nan,nan,nan,nan,nan,nan,nan,nan,nan,nan,nan,nan,nan,nan,nan,nan,nan,nan,nan,nan,nan,nan,nan,nan,nan,nan,nan,nan,nan,nan,nan,nan,nan,nan,nan,nan,nan,nan,nan,nan,nan,nan,nan,nan,nan,nan,nan,nan,nan,nan,nan,nan,nan,nan,nan,nan,nan,nan,nan,nan,nan,nan,nan,nan,nan,nan,nan,nan,nan,nan,nan,nan,nan,nan,nan,nan,nan,nan,nan,nan,nan,nan,nan,nan,nan,nan,nan,nan,nan,nan,nan,nan,nan,nan,nan,nan,nan,nan,nan,nan,nan,nan,nan,nan,nan,nan
0.08,0.065,0.065,-0.06,-0.0065,0.0325,-0.218507995317,0.672497985586,-0.218507995317,0.672499049329,0.070151567192,0.031833157022,0.132834427513,0.639292499249,-0.0586496675479,0.226525053854,0.732496905711,0.170424099139,0.000155399538074,0.128822340026,0.307869825365,0.293224878901,0.458272324177,0.546960547577,0.289094606381,0.719162765474,0.725411568257,0.28895673701,0.723517927851,0.717469919449,0.721835448387,0.00433837716719,0.385120110581,-1.6184458218e-09,0.458449221408,0.14423979196,-7.84509346374e-10,0.503728261252,0.206229379274,0.401373079175,0.713619448333,0.549191636661,0.724637741812,0.718326050711,0.720896244943,1.57079632697,3.48983064669e-10,0.0022084644655,0.527444823784,0.456918775245,nan,nan,nan,nan,nan,nan,nan,nan,nan,nan,nan,nan,-0.020526558083,0.0324926242303,0.0109731133,nan,nan,nan,nan,nan,nan,nan,nan,nan,nan,nan,nan,nan,nan,nan,nan,nan,nan,nan,nan,nan,-0.0122802671627,0.0324391953425,0.0289793985383,nan,nan,nan,nan,nan,nan,nan,nan,nan,nan,nan,nan,nan,nan,nan,nan,nan,nan,-0.0216430962434,-0.0324494981615,0.00420947771352,nan,nan,nan,nan,nan,nan,nan,nan,nan,nan,nan,nan,nan,nan,nan,nan,nan,nan,nan,nan,nan,nan,nan,nan,0.0,0.0,0.0,0.0,0.0,0.0,nan,nan,nan,nan,nan,nan,nan,nan,nan,nan,nan,nan,nan,nan,nan,nan,nan,nan,nan,nan,nan,nan,nan,nan,nan,nan,nan,nan,nan,nan,nan,nan,nan,nan,nan,nan,nan,nan,nan,nan,nan,nan,3.59257086556,20.523625943,5.54523870649,-0.00214111714292,0.0152793165009,-0.00160201318734,nan,nan,nan,nan,nan,nan,nan,nan,nan,nan,nan,nan,nan,nan,nan,nan,nan,nan,nan,nan,nan,nan,nan,nan,nan,nan,nan,nan,nan,nan,nan,nan,nan,nan,nan,nan,-1.00339621543,-18.2280544254,-9.23929812706,0.0,0.0,0.0
0.08,0.065,0.065,-0.04,-0.0325,0.0525,6.12323e-17,1.0,-6.12323e-17,3.7494e-33,0.146620851432,-0.0526386937071,0.0690627211856,0.3530039935,-0.612125458731,-0.353057569397,0.613221783727,nan,nan,nan,nan,nan,nan,nan,nan,nan,nan,nan,nan,nan,nan,nan,nan,nan,nan,nan,nan,nan,nan,nan,nan,nan,nan,nan,nan,nan,nan,nan,nan,nan,nan,nan,nan,nan,nan,nan,nan,nan,nan,nan,nan,nan,nan,nan,nan,nan,nan,nan,nan,nan,nan,nan,nan,nan,nan,nan,nan,nan,nan,nan,nan,nan,nan,nan,nan,nan,nan,nan,nan,nan,nan,nan,nan,nan,nan,nan,nan,nan,nan,nan,nan,nan,nan,nan,nan,nan,nan,nan,nan,nan,nan,nan,nan,nan,nan,nan,nan,nan,nan,nan,nan,nan,nan,nan,nan,nan,nan,nan,nan,nan,nan,nan,nan,nan,nan,nan,nan,nan,nan,nan,nan,nan,nan,nan,nan,nan,nan,nan,nan,nan,nan,nan,nan,nan,nan,nan,nan,nan,nan,nan,nan,nan,nan,nan,nan,nan,nan,nan,nan,nan,nan,nan,nan,nan,nan,nan,nan,nan,nan,nan,nan,nan,nan,nan,nan,nan,nan,nan,nan,nan,nan,nan,nan,nan,nan,nan,nan,nan,nan,nan,nan,nan,nan,nan,nan,nan,nan,nan,nan,nan,nan,nan,nan,nan,nan,nan,nan,nan,nan,nan,nan,nan,nan,nan,nan,nan,nan,nan,nan,nan
0.08,0.065,0.065,-0.04,-0.0325,0.0525,0.58778508449,0.809017116291,-4.95380071207e-17,3.59915051735e-17,0.146884250456,0.0392905225907,0.149515874502,0.0379719910014,-0.70575518623,-0.0332230893906,0.706656897893,nan,nan,nan,nan,nan,nan,nan,nan,nan,nan,nan,nan,nan,nan,nan,nan,nan,nan,nan,nan,nan,nan,nan,nan,nan,nan,nan,nan,nan,nan,nan,nan,nan,nan,nan,nan,nan,nan,nan,nan,nan,nan,nan,nan,nan,nan,nan,nan,nan,nan,nan,nan,nan,nan,nan,nan,nan,nan,nan,nan,nan,nan,nan,nan,nan,nan,nan,nan,nan,nan,nan,nan,nan,nan,nan,nan,nan,nan,nan,nan,nan,nan,nan,nan,nan,nan,nan,nan,nan,nan,nan,nan,nan,nan,nan,nan,nan,nan,nan,nan,nan,nan,nan,nan,nan,nan,nan,nan,nan,nan,nan,nan,nan,nan,nan,nan,nan,nan,nan,nan,nan,nan,nan,nan,nan,nan,nan,nan,nan,nan,nan,nan,nan,nan,nan,nan,nan,nan,nan,nan,nan,nan,nan,nan,nan,nan,nan,nan,nan,nan,nan,nan,nan,nan,nan,nan,nan,nan,nan,nan,nan,nan,nan,nan,nan,nan,nan,nan,nan,nan,nan,nan,nan,nan,nan,nan,nan,nan,nan,nan,nan,nan,nan,nan,nan,nan,nan,nan,nan,nan,nan,nan,nan,nan,nan,nan,nan,nan,nan,nan,nan,nan,nan,nan,nan,nan,nan,nan,nan,nan,nan,nan,nan
0.08,0.065,0.065,-0.04,-0.0195,0.0525,6.12323e-17,1.0,-6.12323e-17,3.7494e-33,0.146765526454,-0.0696811682875,0.0856801112312,0.267754928627,-0.653405087592,-0.267758788742,0.655495477296,nan,nan,nan,nan,nan,nan,nan,nan,nan,nan,nan,nan,nan,nan,nan,nan,nan,nan,nan,nan,nan,nan,nan,nan,nan,nan,nan,nan,nan,nan,nan,nan,nan,nan,nan,nan,nan,nan,nan,nan,nan,nan,nan,nan,nan,nan,nan,nan,nan,nan,nan,nan,nan,nan,nan,nan,nan,nan,nan,nan,nan,nan,nan,nan,nan,nan,nan,nan,nan,nan,nan,nan,nan,nan,nan,nan,nan,nan,nan,nan,nan,nan,nan,nan,nan,nan,nan,nan,nan,nan,nan,nan,nan,nan,nan,nan,nan,nan,nan,nan,nan,nan,nan,nan,nan,nan,nan,nan,nan,nan,nan,nan,nan,nan,nan,nan,nan,nan,nan,nan,nan,nan,nan,nan,nan,nan,nan,nan,nan,nan,nan,nan,nan,nan,nan,nan,nan,nan,nan,nan,nan,nan,nan,nan,nan,nan,nan,nan,nan,nan,nan,nan,nan,nan,nan,nan,nan,nan,nan,nan,nan,nan,nan,nan,nan,nan,nan,nan,nan,nan,nan,nan,nan,nan,nan,nan,nan,nan,nan,nan,nan,nan,nan,nan,nan,nan,nan,nan,nan,nan,nan,nan,nan,nan,nan,nan,nan,nan,nan,nan,nan,nan,nan,nan,nan,nan,nan,nan,nan,nan,nan,nan,nan
0.08,0.065,0.065,-0.04,-0.0195,0.0525,0.58778508449,0.809017116291,-4.95380071207e-17,3.59915051735e-17,0.146960683357,0.0275747703873,0.14886259269,0.0500139128335,-0.705261782251,-0.0501650589505,0.705399102551,nan,nan,nan,nan,nan,nan,nan,nan,nan,nan,nan,nan,nan,nan,nan,nan,nan,nan,nan,nan,nan,nan,nan,nan,nan,nan,nan,nan,nan,nan,nan,nan,nan,nan,nan,nan,nan,nan,nan,nan,nan,nan,nan,nan,nan,nan,nan,nan,nan,nan,nan,nan,nan,nan,nan,nan,nan,nan,nan,nan,nan,nan,nan,nan,nan,nan,nan,nan,nan,nan,nan,nan,nan,nan,nan,nan,nan,nan,nan,nan,nan,nan,nan,nan,nan,nan,nan,nan,nan,nan,nan,nan,nan,nan,nan,nan,nan,nan,nan,nan,nan,nan,nan,nan,nan,nan,nan,nan,nan,nan,nan,nan,nan,nan,nan,nan,nan,nan,nan,nan,nan,nan,nan,nan,nan,nan,nan,nan,nan,nan,nan,nan,nan,nan,nan,nan,nan,nan,nan,nan,nan,nan,nan,nan,nan,nan,nan,nan,nan,nan,nan,nan,nan,nan,nan,nan,nan,nan,nan,nan,nan,nan,nan,nan,nan,nan,nan,nan,nan,nan,nan,nan,nan,nan,nan,nan,nan,nan,nan,nan,nan,nan,nan,nan,nan,nan,nan,nan,nan,nan,nan,nan,nan,nan,nan,nan,nan,nan,nan,nan,nan,nan,nan,nan,nan,nan,nan,nan,nan,nan,nan,nan,nan
0.08,0.065,0.065,-0.04,-0.0065,0.0525,0.58778508449,0.809017116291,-4.95380071207e-17,3.59915051735e-17,0.146619873777,0.0188580969597,0.148799868267,0.131222017405,-0.694234529435,-0.131435126313,0.695373286702,nan,nan,nan,nan,nan,nan,nan,nan,nan,nan,nan,nan,nan,nan,nan,nan,nan,nan,nan,nan,nan,nan,nan,nan,nan,nan,nan,nan,nan,nan,nan,nan,nan,nan,nan,nan,nan,nan,nan,nan,nan,nan,nan,nan,nan,nan,nan,nan,nan,nan,nan,nan,nan,nan,nan,nan,nan,nan,nan,nan,nan,nan,nan,nan,nan,nan,nan,nan,nan,nan,nan,nan,nan,nan,nan,nan,nan,nan,nan,nan,nan,nan,nan,nan,nan,nan,nan,nan,nan,nan,nan,nan,nan,nan,nan,nan,nan,nan,nan,nan,nan,nan,nan,nan,nan,nan,nan,nan,nan,nan,nan,nan,nan,nan,nan,nan,nan,nan,nan,nan,nan,nan,nan,nan,nan,nan,nan,nan,nan,nan,nan,nan,nan,nan,nan,nan,nan,nan,nan,nan,nan,nan,nan,nan,nan,nan,nan,nan,nan,nan,nan,nan,nan,nan,nan,nan,nan,nan,nan,nan,nan,nan,nan,nan,nan,nan,nan,nan,nan,nan,nan,nan,nan,nan,nan,nan,nan,nan,nan,nan,nan,nan,nan,nan,nan,nan,nan,nan,nan,nan,nan,nan,nan,nan,nan,nan,nan,nan,nan,nan,nan,nan,nan,nan,nan,nan,nan,nan,nan,nan,nan,nan,nan
0.08,0.065,0.065,-0.04,0.0065,0.0525,0.58778508449,0.809017116291,-4.95380071207e-17,3.59915051735e-17,0.0695820057785,0.00357305154862,0.120945609427,0.154108639009,-0.744502191971,-0.228147931973,0.608206818993,-0.147853758117,-3.41082967026e-06,0.322322052659,0.314249216774,0.362784304309,0.466152278154,0.642367004954,0.429440947906,0.785258004106,0.784569066773,0.423475278543,0.77963971357,0.784438177853,0.785294350649,0.379909975611,0.361052769609,-2.41259812128e-09,0.480575580852,0.129209557003,0.0382431234943,0.633618486316,0.383474549888,0.0802859335684,0.111304775182,0.332666891637,0.286172495748,0.669337950984,0.634694368383,1.31899607409,-3.73690644766e-05,0.000213002225064,0.143323028938,0.294619111838,nan,nan,nan,nan,nan,nan,nan,nan,nan,nan,nan,nan,0.0143055734869,0.0324992129614,0.0270793171187,nan,nan,nan,nan,nan,nan,0.0168853058585,-0.032496884394,0.0294498318157,nan,nan,nan,nan,nan,nan,nan,nan,nan,nan,nan,nan,0.0399620077834,0.01229005498,0.0120091545357,nan,nan,nan,nan,nan,nan,nan,nan,nan,0.0399798278481,-0.0107599155432,0.0207800685796,nan,nan,nan,nan,nan,nan,-0.0399967875055,0.0171788908387,0.00846510158763,nan,nan,nan,nan,nan,nan,nan,nan,nan,nan,nan,nan,nan,nan,nan,nan,nan,nan,nan,nan,nan,nan,nan,nan,-4.52669576544,24.027657892,8.79009484508,2.96405778464e-06,0.000193262546399,1.52174250297e-06,nan,nan,nan,nan,nan,nan,nan,nan,nan,nan,nan,nan,-4.75486281849,-62.1546081386,2.15494671787,-1.4773209912e-06,-0.0283133026756,3.37597481997e-08,nan,nan,nan,nan,nan,nan,nan,nan,nan,nan,nan,nan,nan,nan,nan,nan,nan,nan,nan,nan,nan,nan,nan,nan,38.8442625876,19.3771715647,-6.55500183849,5.0187159838e-16,-1.0869434388e-15,-2.39062837898e-16,nan,nan,nan,nan,nan,nan,nan,nan,nan,nan,nan,nan,nan,nan,nan,nan,nan,nan,0.0,0.0,0.0,0.0,0.0,0.0,nan,nan,nan,nan,nan,nan,nan,nan,nan,nan,nan,nan,-29.1891591269,17.7613483042,-9.78240911008,-0.0621306939714,1.14079187042e-05,7.2777936609e-06
0.08,0.065,0.065,-0.04,0.0065,0.0525,0.951056560832,0.309016857306,3.78436401215e-17,5.82353731087e-17,0.0647973226551,0.0287665342927,0.130194036349,-0.589317080448,-0.539126019779,0.319455570559,0.509898668295,0.320644028775,0.0155354057314,0.114863924539,0.350896467674,0.241673470295,0.461505607791,0.51143102433,0.293057774647,0.731991990183,0.737446475844,0.293863208291,0.73673572656,0.731499508446,0.735451519698,0.207842445213,0.386652438314,-0.000186187833336,0.481517315257,0.204958735341,0.00139882500942,0.578012886502,0.152084188138,0.380991416392,0.734852870381,0.54652883923,0.73628794383,0.729713482532,0.731640791493,1.44248414632,-1.27590027432e-09,-3.50615769307e-07,0.451938293691,0.295284578095,nan,nan,nan,nan,nan,nan,nan,nan,nan,nan,nan,nan,-0.0163902537777,-0.0324995514243,0.0129523654976,nan,nan,nan,nan,nan,nan,nan,nan,nan,nan,nan,nan,nan,nan,nan,nan,nan,nan,nan,nan,nan,-0.0299595336278,-0.0324896592192,-0.003757067918,nan,nan,nan,nan,nan,nan,nan,nan,nan,nan,nan,nan,nan,nan,nan,nan,nan,nan,-0.00505729376734,0.0324135421732,0.00299527145399,nan,nan,nan,nan,nan,nan,nan,nan,nan,nan,nan,nan,nan,nan,nan,nan,nan,nan,nan,nan,nan,nan,nan,nan,-4.92749491506,-27.2988506104,-10.1758974685,-2.43458136936e-16,8.97326470248e-17,-1.22835297623e-16,nan,nan,nan,nan,nan,nan,nan,nan,nan,nan,nan,nan,nan,nan,nan,nan,nan,nan,nan,nan,nan,nan,nan,nan,nan,nan,nan,nan,nan,nan,nan,nan,nan,nan,nan,nan,nan,nan,nan,nan,nan,nan,-6.16475262136,-18.1924418152,5.63197770582,-6.86195271793e-16,1.97066327274e-16,-1.14543494598e-16,nan,nan,nan,nan,nan,nan,nan,nan,nan,nan,nan,nan,nan,nan,nan,nan,nan,nan,nan,nan,nan,nan,nan,nan,nan,nan,nan,nan,nan,nan,nan,nan,nan,nan,nan,nan,12.3031233272,46.5125187217,-0.517494384838,-1.19139210558e-15,3.1323232191e-16,-1.71247788531e-16
0.08,0.065,0.065,-0.04,0.0195,0.0525,0.58778508449,0.809017116291,-4.95380071207e-17,3.59915051735e-17,0.146613074152,-0.0344060041843,0.0509333391766,-0.125459661128,-0.695456063619,0.127475786405,0.695953059398,nan,nan,nan,nan,nan,nan,nan,nan,nan,nan,nan,nan,nan,nan,nan,nan,nan,nan,nan,nan,nan,nan,nan,nan,nan,nan,nan,nan,nan,nan,nan,nan,nan,nan,nan,nan,nan,nan,nan,nan,nan,nan,nan,nan,nan,nan,nan,nan,nan,nan,nan,nan,nan,nan,nan,nan,nan,nan,nan,nan,nan,nan,nan,nan,nan,nan,nan,nan,nan,nan,nan,nan,nan,nan,nan,nan,nan,nan,nan,nan,nan,nan,nan,nan,nan,nan,nan,nan,nan,nan,nan,nan,nan,nan,nan,nan,nan,nan,nan,nan,nan,nan,nan,nan,nan,nan,nan,nan,nan,nan,nan,nan,nan,nan,nan,nan,nan,nan,nan,nan,nan,nan,nan,nan,nan,nan,nan,nan,nan,nan,nan,nan,nan,nan,nan,nan,nan,nan,nan,nan,nan,nan,nan,nan,nan,nan,nan,nan,nan,nan,nan,nan,nan,nan,nan,nan,nan,nan,nan,nan,nan,nan,nan,nan,nan,nan,nan,nan,nan,nan,nan,nan,nan,nan,nan,nan,nan,nan,nan,nan,nan,nan,nan,nan,nan,nan,nan,nan,nan,nan,nan,nan,nan,nan,nan,nan,nan,nan,nan,nan,nan,nan,nan,nan,nan,nan,nan,nan,nan,nan,nan,nan,nan
0.08,0.065,0.065,-0.04,0.0195,0.0525,0.951056560832,0.309016857306,3.78436401215e-17,5.82353731087e-17,0.0622417438535,0.0351577369261,0.129104046432,-0.561301161019,-0.565034574304,0.368293810388,0.479621314904,0.23589587435,0.000151528428599,0.138246235583,0.335124158619,0.275801770228,0.453008148774,0.552572060469,0.290299389664,0.719425638613,0.730896529335,0.288664787394,0.730210735444,0.719526049262,0.727900110236,0.248143888179,0.40101497297,-0.000101703069616,0.480277946306,0.205475343259,0.000234229020588,0.54787904469,0.145154659797,0.396941246611,0.712182152133,0.539781296413,0.716254918338,0.716969194496,0.723587674069,1.53541363225,-6.74385880473e-10,4.78000750093e-10,0.472915908882,0.315459220954,nan,nan,nan,nan,nan,nan,nan,nan,nan,nan,nan,nan,nan,nan,nan,nan,nan,nan,nan,nan,nan,nan,nan,nan,nan,nan,nan,nan,nan,nan,nan,nan,nan,nan,nan,nan,-0.0376743986059,-0.0324814219403,-0.00281681638799,nan,nan,nan,nan,nan,nan,nan,nan,nan,nan,nan,nan,nan,nan,nan,nan,nan,nan,-0.0165709405788,0.0324200676364,-0.000502486617175,nan,nan,nan,nan,nan,nan,nan,nan,nan,nan,nan,nan,nan,nan,nan,nan,nan,nan,nan,nan,nan,nan,nan,nan,nan,nan,nan,nan,nan,nan,nan,nan,nan,nan,nan,nan,nan,nan,nan,nan,nan,nan,nan,nan,nan,nan,nan,nan,nan,nan,nan,nan,nan,nan,nan,nan,nan,nan,nan,nan,nan,nan,nan,nan,nan,nan,nan,nan,nan,nan,nan,nan,-6.03868155051,-21.1432170049,-1.44686257535,-1.10348287621e-15,3.47790812106e-16,-4.7677985357e-16,nan,nan,nan,nan,nan,nan,nan,nan,nan,nan,nan,nan,nan,nan,nan,nan,nan,nan,nan,nan,nan,nan,nan,nan,nan,nan,nan,nan,nan,nan,nan,nan,nan,nan,nan,nan,6.46384963117,22.9869162985,-3.10873007022,-1.98054263687e-17,-1.6214603887e-17,-1.61076397429e-16
0.08,0.065,0.065,-0.04,0.0325,0.0525,0.58778508449,0.809017116291,-4.95380071207e-17,3.59915051735e-17,0.14656802191,-0.0777095931715,0.0828622814682,-0.256437151015,-0.658490733973,0.256735368616,0.65933063887,nan,nan,nan,nan,nan,nan,nan,nan,nan,nan,nan,nan,nan,nan,nan,nan,nan,nan,nan,nan,nan,nan,nan,nan,nan,nan,nan,nan,nan,nan,nan,nan,nan,nan,nan,nan,nan,nan,nan,nan,nan,nan,nan,nan,nan,nan,nan,nan,nan,nan,nan,nan,nan,nan,nan,nan,nan,nan,nan,nan,nan,nan,nan,nan,nan,nan,nan,nan,nan,nan,nan,nan,nan,nan,nan,nan,nan,nan,nan,nan,nan,nan,nan,nan,nan,nan,nan,nan,nan,nan,nan,nan,nan,nan,nan,nan,nan,nan,nan,nan,nan,nan,nan,nan,nan,nan,nan,nan,nan,nan,nan,nan,nan,nan,nan,nan,nan,nan,nan,nan,nan,nan,nan,nan,nan,nan,nan,nan,nan,nan,nan,nan,nan,nan,nan,nan,nan,nan,nan,nan,nan,nan,nan,nan,nan,nan,nan,nan,nan,nan,nan,nan,nan,nan,nan,nan,nan,nan,nan,nan,nan,nan,nan,nan,nan,nan,nan,nan,nan,nan,nan,nan,nan,nan,nan,nan,nan,nan,nan,nan,nan,nan,nan,nan,nan,nan,nan,nan,nan,nan,nan,nan,nan,nan,nan,nan,nan,nan,nan,nan,nan,nan,nan,nan,nan,nan,nan,nan,nan,nan,nan,nan,nan
0.08,0.065,0.065,-0.04,0.0325,0.0525,0.951056560832,0.309016857306,3.78436401215e-17,5.82353731087e-17,0.0840437113369,0.0265917802239,0.140982634157,-0.584357548225,-0.443750128581,0.2696273666,0.623629026263,0.0777228450164,0.117309960951,0.576193889782,0.665844061355,0.62646458126,0.677543911873,0.674229988127,0.274335439744,0.684759012041,0.690582979131,0.274561023435,0.689535373922,0.685068275749,0.686836394743,0.122687248632,0.379522781968,-2.26640040069e-10,0.436864701629,0.131901939142,-3.68881813984e-10,0.468674219919,0.137207364961,0.390804372966,0.67678962118,0.516759279138,0.688236642698,0.684649713656,0.687120446908,1.57079632723,-3.39895210644e-07,0.206096660149,0.574188925839,0.530254356726,nan,nan,nan,nan,nan,nan,nan,nan,nan,nan,nan,nan,nan,nan,nan,nan,nan,nan,nan,nan,nan,nan,nan,nan,nan,nan,nan,nan,nan,nan,nan,nan,nan,nan,nan,nan,-0.0309148561526,-0.032497311916,0.0237811514261,nan,nan,nan,nan,nan,nan,nan,nan,nan,nan,nan,nan,nan,nan,nan,nan,nan,nan,-0.0311497610961,0.0325021794003,0.016555937094,nan,nan,nan,nan,nan,nan,nan,nan,nan,nan,nan,nan,nan,nan,nan,nan,nan,nan,nan,nan,nan,nan,nan,nan,nan,nan,nan,nan,nan,nan,nan,nan,nan,nan,nan,nan,nan,nan,nan,nan,nan,nan,nan,nan,nan,nan,nan,nan,nan,nan,nan,nan,nan,nan,nan,nan,nan,nan,nan,nan,nan,nan,nan,nan,nan,nan,nan,nan,nan,nan,nan,nan,2.077902706,-18.0986930388,0.741842407432,4.56816314262e-16,6.13068167303e-17,2.16155614766e-16,nan,nan,nan,nan,nan,nan,nan,nan,nan,nan,nan,nan,nan,nan,nan,nan,nan,nan,nan,nan,nan,nan,nan,nan,nan,nan,nan,nan,nan,nan,nan,nan,nan,nan,nan,nan,0.269457324718,18.7556918173,-4.89677299122,5.02953328225e-16,4.49496501808e-17,1.99843089749e-16
0.08,0.065,0.065,-0.024,-0.0325,0.0525,6.12323e-17,1.0,-6.12323e-17,3.7494e-33,0.050273741768,0.0111222058734,0.11449235968,0.55434960224,-0.413072326555,-0.568196189068,0.446341642981,0.200236336437,-1.90118847776e-06,0.16889011049,0.352065722871,0.28498755229,0.451809941418,0.594554560887,0.523566074505,0.573320931978,0.122920485302,0.654519575977,0.260442030325,0.43264064911,0.576504311386,0.0912276506687,0.378354476853,0.0670630639008,0.57245969962,0.308746060629,0.000133331106246,0.641959849063,0.148654465078,0.259121340588,0.0514899221926,0.400816849306,0.228838198178,0.65062195829,0.586374176862,0.641090759718,-6.4234573216e-10,0.196647197688,0.441097999261,0.644250537515,nan,nan,nan,nan,nan,nan,nan,nan,nan,nan,nan,nan,-0.0249462245389,0.0325005638525,0.0134596474791,nan,nan,nan,nan,nan,nan,nan,nan,nan,0.0398452517325,0.0077921787756,0.000258868582972,nan,nan,nan,nan,nan,nan,nan,nan,nan,-0.00650888358215,0.0324996905934,0.000849305384534,nan,nan,nan,nan,nan,nan,nan,nan,nan,0.0176368058319,0.0325020827837,0.00901243819388,-0.0359370965408,-0.0324250371849,0.0282456685426,-0.0388409157789,-0.0320513737182,0.00635785701202,nan,nan,nan,nan,nan,nan,nan,nan,nan,nan,nan,nan,nan,nan,nan,nan,nan,nan,nan,nan,nan,nan,nan,nan,nan,nan,nan,1.87441229146,57.7547373179,5.46019715595,-1.60845902519e-15,4.78926884136e-17,4.55818208113e-17,nan,nan,nan,nan,nan,nan,nan,nan,nan,nan,nan,nan,nan,nan,nan,nan,nan,nan,19.3978618608,-8.71809478796,-9.62402937002,2.54828685117e-16,5.34216420061e-16,2.96946563327e-17,nan,nan,nan,nan,nan,nan,nan,nan,nan,nan,nan,nan,nan,nan,nan,nan,nan,nan,4.40824265296,17.1675044251,-3.7319915918,1.05671430244e-18,7.61970422181e-19,4.75332894466e-18,nan,nan,nan,nan,nan,nan,nan,nan,nan,nan,nan,nan,nan,nan,nan,nan,nan,nan,-0.000380569918542,11.7330045077,0.000311791814503,2.32425538202e-16,8.47425492153e-21,-3.51975341966e-17,-17.2982782098,-30.8291188296,-14.4952679436,-1.08237998317e-16,6.251398638e-17,-3.78883005667e-18,-8.94606760939,-46.672310484,17.4777019931,-5.29531927816e-16,1.66164461664e-17,-2.26671704009e-16,nan,nan,nan,nan,nan,nan
0.08,0.065,0.065,-0.024,-0.0325,0.0525,0.58778508449,0.809017116291,-4.95380071207e-17,3.59915051735e-17,0.146990518581,0.0456752599496,0.152837362023,0.0907616686344,-0.6999075561,-0.0907368444451,0.702608395539,nan,nan,nan,nan,nan,nan,nan,nan,nan,nan,nan,nan,nan,nan,nan,nan,nan,nan,nan,nan,nan,nan,nan,nan,nan,nan,nan,nan,nan,nan,nan,nan,nan,nan,nan,nan,nan,nan,nan,nan,nan,nan,nan,nan,nan,nan,nan,nan,nan,nan,nan,nan,nan,nan,nan,nan,nan,nan,nan,nan,nan,nan,nan,nan,nan,nan,nan,nan,nan,nan,nan,nan,nan,nan,nan,nan,nan,nan,nan,nan,nan,nan,nan,nan,nan,nan,nan,nan,nan,nan,nan,nan,nan,nan,nan,nan,nan,nan,nan,nan,nan,nan,nan,nan,nan,nan,nan,nan,nan,nan,nan,nan,nan,nan,nan,nan,nan,nan,nan,nan,nan,nan,nan,nan,nan,nan,nan,nan,nan,nan,nan,nan,nan,nan,nan,nan,nan,nan,nan,nan,nan,nan,nan,nan,nan,nan,nan,nan,nan,nan,nan,nan,nan,nan,nan,nan,nan,nan,nan,nan,nan,nan,nan,nan,nan,nan,nan,nan,nan,nan,nan,nan,nan,nan,nan,nan,nan,nan,nan,nan,nan,nan,nan,nan,nan,nan,nan,nan,nan,nan,nan,nan,nan,nan,nan,nan,nan,nan,nan,nan,nan,nan,nan,nan,nan,nan,nan,nan,nan,nan,nan,nan,nan
0.08,0.065,0.065,-0.024,-0.0195,0.0525,6.12323e-17,1.0,-6.12323e-17,3.7494e-33,0.14649499544,-0.0131741125688,0.0621431319359,0.353239384407,-0.612909560327,-0.353231441923,0.612202055371,nan,nan,nan,nan,nan,nan,nan,nan,nan,nan,nan,nan,nan,nan,nan,nan,nan,nan,nan,nan,nan,nan,nan,nan,nan,nan,nan,nan,nan,nan,nan,nan,nan,nan,nan,nan,nan,nan,nan,nan,nan,nan,nan,nan,nan,nan,nan,nan,nan,nan,nan,nan,nan,nan,nan,nan,nan,nan,nan,nan,nan,nan,nan,nan,nan,nan,nan,nan,nan,nan,nan,nan,nan,nan,nan,nan,nan,nan,nan,nan,nan,nan,nan,nan,nan,nan,nan,nan,nan,nan,nan,nan,nan,nan,nan,nan,nan,nan,nan,nan,nan,nan,nan,nan,nan,nan,nan,nan,nan,nan,nan,nan,nan,nan,nan,nan,nan,nan,nan,nan,nan,nan,nan,nan,nan,nan,nan,nan,nan,nan,nan,nan,nan,nan,nan,nan,nan,nan,nan,nan,nan,nan,nan,nan,nan,nan,nan,nan,nan,nan,nan,nan,nan,nan,nan,nan,nan,nan,nan,nan,nan,nan,nan,nan,nan,nan,nan,nan,nan,nan,nan,nan,nan,nan,nan,nan,nan,nan,nan,nan,nan,nan,nan,nan,nan,nan,nan,nan,nan,nan,nan,nan,nan,nan,nan,nan,nan,nan,nan,nan,nan,nan,nan,nan,nan,nan,nan,nan,nan,nan,nan,nan,nan
0.08,0.065,0.065,-0.024,0.0325,0.0525,0.951056560832,0.309016857306,3.78436401215e-17,5.82353731087e-17,0.0910457890037,0.0118906682416,0.124082156678,-0.361177277209,-0.30457493818,-0.014871870734,0.881228636008,0.00583670448131,0.000677414414028,0.424142496046,0.490097587024,0.594869786578,0.650493303621,0.732937077921,0.302810881617,0.760803912232,0.766259088275,0.30605268082,0.762901295391,0.760445295545,0.762101049813,0.335374801853,0.452460115425,0.000359680462818,0.529634028914,0.255704971152,0.0467121146427,0.584334309528,0.334609075078,0.248927188605,0.216339012771,0.424827679637,0.40435199094,0.670177108276,0.657408726583,1.27565397894,4.95426115164e-05,-4.5566128648e-10,0.221947142935,0.313745160822,nan,nan,nan,nan,nan,nan,nan,nan,nan,nan,nan,nan,nan,nan,nan,nan,nan,nan,nan,nan,nan,nan,nan,nan,nan,nan,nan,nan,nan,nan,nan,nan,nan,nan,nan,nan,-0.0160071140835,-0.0324971334813,0.0269237183324,nan,nan,nan,nan,nan,nan,nan,nan,nan,-0.0373854051435,-0.0324891643606,0.0071699601133,nan,nan,nan,nan,nan,nan,-0.0246820601044,0.0324995938617,0.0133526705459,nan,nan,nan,nan,nan,nan,nan,nan,nan,nan,nan,nan,nan,nan,nan,nan,nan,nan,nan,nan,nan,nan,nan,nan,nan,nan,nan,nan,nan,nan,nan,nan,nan,nan,nan,nan,nan,nan,nan,nan,nan,nan,nan,nan,nan,nan,nan,nan,nan,nan,nan,nan,nan,nan,nan,nan,nan,nan,nan,nan,nan,nan,nan,nan,nan,nan,nan,nan,nan,nan,nan,nan,-1.09282387004,-2.68529638792,5.0809258208,-3.24400058495e-06,-0.00013562752258,-7.12231614234e-07,nan,nan,nan,nan,nan,nan,nan,nan,nan,nan,nan,nan,nan,nan,nan,nan,nan,nan,3.35535839056,-21.8901521405,-12.6200034789,0.0,0.0,0.0,nan,nan,nan,nan,nan,nan,nan,nan,nan,nan,nan,nan,2.43461920516,26.8118070523,4.19109405287,5.25046391877e-17,-1.62806389946e-17,7.36524985047e-17
0.08,0.065,0.065,-0.008,-0.0325,0.0525,6.12323e-17,1.0,-6.12323e-17,3.7494e-33,0.0605737169268,0.0131667332047,0.113027352099,0.540080600614,-0.417626771581,-0.54703035313,0.484415748355,0.215613611325,0.00348876825733,0.185266570204,0.374376642874,0.316497553868,0.459165681315,0.570213453009,0.455675648952,0.595085570276,0.192422941821,0.598301661499,0.272969540547,0.456795668439,0.58532456679,0.111709921806,0.392134748875,0.0884663567823,0.567456413346,0.313597441817,-4.25496082812e-10,0.62390172376,0.166851802234,0.267790402499,0.0447546590498,0.397518128265,0.212957465798,0.639217792934,0.571467725122,0.558297999353,-2.01517655896e-08,0.301054813356,0.457654021353,0.670341618508,nan,nan,nan,nan,nan,nan,nan,nan,nan,nan,nan,nan,nan,nan,nan,nan,nan,nan,nan,nan,nan,nan,nan,nan,0.0399125376535,0.00271956277298,0.0137427659222,nan,nan,nan,nan,nan,nan,nan,nan,nan,-0.000817671394502,0.0325016005625,0.0117888309348,nan,nan,nan,nan,nan,nan,nan,nan,nan,0.0272752520355,0.0325051307515,0.021048149186,nan,nan,nan,-0.0393515219536,-0.0315020885662,0.0219257784791,nan,nan,nan,nan,nan,nan,nan,nan,nan,nan,nan,nan,nan,nan,nan,nan,nan,nan,nan,nan,nan,nan,nan,nan,nan,nan,nan,nan,nan,nan,nan,nan,nan,nan,nan,nan,nan,nan,nan,nan,nan,nan,nan,nan,nan,nan,nan,nan,nan,nan,nan,-0.30614576642,-6.91629276924,5.94941157559,0.0,0.0,0.0,nan,nan,nan,nan,nan,nan,nan,nan,nan,nan,nan,nan,nan,nan,nan,nan,nan,nan,0.0,0.0,0.0,0.0,0.0,0.0,nan,nan,nan,nan,nan,nan,nan,nan,nan,nan,nan,nan,nan,nan,nan,nan,nan,nan,10.1417363371,29.6921859649,-9.13306987102,9.53220627756e-18,8.49300236753e-19,1.3346082429e-17,nan,nan,nan,nan,nan,nan,-10.9347670331,-21.4646363396,0.623466219497,-5.91684788249e-16,3.01212153363e-16,-7.25938848814e-18,nan,nan,nan,nan,nan,nan
0.08,0.065,0.065,-0.008,-0.0195,0.0525,6.12323e-17,1.0,-6.12323e-17,3.7494e-33,0.05699823634,0.0103704709161,0.112988061641,0.530623094199,-0.431400659541,-0.565533779402,0.460981721119,0.234825512037,9.72473819569e-05,0.187371013739,0.37950141205,0.309012257799,0.459818107484,0.558751300679,0.523598782978,0.562713849718,0.136428960105,0.587088173726,0.274467104843,0.425063750823,0.581082662151,0.124737559644,0.390929429072,0.104190111219,0.567077679913,0.298890910536,-2.48359366477e-05,0.603106138168,0.16626499221,0.284357793621,0.0365362208373,0.40430333475,0.214992265472,0.636610970688,0.565824383857,0.60303515364,-2.087413975e-08,0.30298693805,0.4604867723,0.676311177217,nan,nan,nan,nan,nan,nan,nan,nan,nan,nan,nan,nan,nan,nan,nan,nan,nan,nan,nan,nan,nan,nan,nan,nan,0.0399716780126,0.00777490935888,0.00628116081789,nan,nan,nan,nan,nan,nan,nan,nan,nan,-0.00326313157022,0.0325027536788,0.00726264059492,nan,nan,nan,nan,nan,nan,nan,nan,nan,0.0249841462742,0.0324999184031,0.0147456953302,-0.0372109262201,-0.0321380601113,0.0310931908262,-0.0395090233516,-0.0313383087079,0.0198828603012,-0.0399997484872,-0.0135624441438,0.00652938619502,nan,nan,nan,nan,nan,nan,nan,nan,nan,nan,nan,nan,nan,nan,nan,nan,nan,nan,nan,nan,nan,nan,nan,nan,nan,nan,nan,nan,nan,nan,nan,nan,nan,nan,nan,nan,nan,nan,nan,nan,nan,nan,nan,nan,nan,nan,nan,nan,32.1783384709,2.63987174275,-2.64060863286,0.0,0.0,0.0,nan,nan,nan,nan,nan,nan,nan,nan,nan,nan,nan,nan,nan,nan,nan,nan,nan,nan,2.13830096005e-17,1.02695629753e-12,-7.64931577174e-18,-2.84416915883e-29,5.81734520726e-34,-1.40575118836e-30,nan,nan,nan,nan,nan,nan,nan,nan,nan,nan,nan,nan,nan,nan,nan,nan,nan,nan,0.000361456035614,17.3595559743,-0.000129303190092,-2.40620761552e-16,5.24708020528e-21,3.18101662064e-17,-0.000221926107524,-10.876049808,5.29449071963,0.0,0.0,0.0,0.0,0.0,0.0,0.0,0.0,0.0,-34.9146500177,-10.3479032304,-6.02856886636,-8.84879636028e-20,5.71413715203e-18,-8.63667334557e-17
0.08,0.065,0.065,-0.008,0.0325,0.0525,0.951056560832,0.309016857306,3.78436401215e-17,5.82353731087e-17,0.0762879819222,0.0133953482274,0.118471194006,-0.340790026199,-0.45810486726,0.0601278329426,0.818771477484,0.119210764989,0.142960836038,0.641175932165,0.733327997017,0.706148094147,0.746420854847,0.747062526165,0.297815318822,0.747760800824,0.746868642056,0.300119113637,0.747799773013,0.748531100069,0.744416215157,0.311405073347,0.455057542424,0.00326784588939,0.52495179091,0.253216145503,0.0437045307674,0.560420591695,0.297507706933,0.258911492124,0.209931353985,0.433021179404,0.400578668641,0.671593408369,0.645402454048,1.21463667895,-4.66981120439e-10,-0.000152821746395,0.254773742338,0.336177292015,nan,nan,nan,nan,nan,nan,nan,nan,nan,nan,nan,nan,nan,nan,nan,nan,nan,nan,nan,nan,nan,nan,nan,nan,nan,nan,nan,nan,nan,nan,nan,nan,nan,nan,nan,nan,0.00732602848951,-0.0324803941403,0.0221809720072,nan,nan,nan,nan,nan,nan,nan,nan,nan,-0.0203553856646,-0.0324348467329,0.0127420147344,nan,nan,nan,nan,nan,nan,-0.00549281157493,0.0324904208268,0.0114990513685,nan,nan,nan,nan,nan,nan,nan,nan,nan,nan,nan,nan,nan,nan,nan,nan,nan,nan,nan,nan,nan,nan,nan,nan,nan,nan,nan,nan,nan,nan,nan,nan,nan,nan,nan,nan,nan,nan,nan,nan,nan,nan,nan,nan,nan,nan,nan,nan,nan,nan,nan,nan,nan,nan,nan,nan,nan,nan,nan,nan,nan,nan,nan,nan,nan,nan,nan,nan,nan,nan,nan,nan,1.24988375701,-15.5022991486,1.00377739909,-4.07745975145e-05,-0.000812768926541,-4.92248119403e-05,nan,nan,nan,nan,nan,nan,nan,nan,nan,nan,nan,nan,nan,nan,nan,nan,nan,nan,-0.913822773936,-16.5114081663,-0.449664880511,0.0,0.0,0.0,nan,nan,nan,nan,nan,nan,nan,nan,nan,nan,nan,nan,2.5431407645,32.9456656267,-4.43381071324,1.33289520343e-05,0.00422847921715,7.69939423338e-06
0.08,0.065,0.065,0.008,-0.0325,0.0525,6.12323e-17,1.0,-6.12323e-17,3.7494e-33,0.0632203851543,0.0224719205711,0.131745895161,0.505772476227,-0.491516724658,-0.540621276767,0.458622008608,0.195565464571,0.000320827697031,0.00860571986571,0.26882009495,0.194196164451,0.448081435091,0.575341605569,0.32565537363,0.785398429215,0.785341128843,0.32932186314,0.785401228798,0.785398536812,0.785398339311,0.18014718841,0.30063900439,-5.47568212994e-10,0.452859873613,0.107781881913,0.0734011859766,0.635105192685,0.523598775799,0.185886679062,0.334752906064,0.42920606374,0.299247314871,0.666032048038,0.513364559827,0.760643891562,-3.63417825255e-06,-1.72229075446e-09,0.256644160461,0.223092614792,nan,nan,nan,nan,nan,nan,nan,nan,nan,nan,nan,nan,nan,nan,nan,nan,nan,nan,nan,nan,nan,nan,nan,nan,nan,nan,nan,nan,nan,nan,nan,nan,nan,0.0282820364943,0.0314129066651,0.0320600632298,0.0261325801172,0.032495357977,0.0218292779119,nan,nan,nan,nan,nan,nan,nan,nan,nan,0.0399504593648,0.00403462448052,0.0112047155254,nan,nan,nan,nan,nan,nan,-0.0393857663152,-0.0314663582136,0.00609634410511,nan,nan,nan,nan,nan,nan,nan,nan,nan,nan,nan,nan,nan,nan,nan,nan,nan,nan,nan,nan,nan,nan,nan,nan,nan,nan,nan,nan,nan,nan,nan,nan,nan,nan,nan,nan,nan,nan,nan,nan,nan,nan,nan,nan,nan,nan,nan,nan,nan,nan,nan,nan,nan,nan,nan,nan,nan,nan,nan,nan,nan,nan,nan,nan,nan,nan,0.00112854978681,18.7061152573,27.2337027131,-4.66719077621e-16,-2.36568979861e-16,1.62512360729e-16,9.73706182411,22.1870575668,-11.1552169959,3.1713587729e-16,-1.44420680403e-16,-1.04254633663e-17,nan,nan,nan,nan,nan,nan,nan,nan,nan,nan,nan,nan,nan,nan,nan,nan,nan,nan,25.012647848,-13.124328954,-13.0888329025,-7.42253886699e-18,3.92376551167e-17,-5.35284734072e-17,nan,nan,nan,nan,nan,nan,nan,nan,nan,nan,nan,nan,-35.5617613112,-28.4253800195,-7.50716732533,0.0562856238602,0.0436782776126,0.000264388336967
0.08,0.065,0.065,0.008,-0.0195,0.0525,6.12323e-17,1.0,-6.12323e-17,3.7494e-33,0.0488755168514,0.0266198870181,0.126925978594,0.584176383862,-0.432225045724,-0.537351950075,0.427986383122,0.333595295417,-2.5225768141e-09,0.0242127061904,0.3205792896,0.246535730435,0.504723789399,0.636326206021,0.330915353033,0.78536441263,0.785185593908,0.335095384832,0.785399046278,0.785382882743,0.785274099407,0.280667589996,0.305897743052,-1.73192190864e-05,0.47263940148,0.291427942911,0.170775816813,0.678630695823,0.523598776278,0.173896023184,0.284470588979,0.499147047648,0.286471526623,0.673585826378,0.53768110149,0.345573704237,0.0978800449295,-1.12289111343e-09,0.311611607556,0.369123725953,nan,nan,nan,nan,nan,nan,nan,nan,nan,-0.0031927203022,0.0320053772148,0.0314897619704,nan,nan,nan,nan,nan,nan,nan,nan,nan,nan,nan,nan,nan,nan,nan,nan,nan,nan,nan,nan,nan,0.0223502553678,0.0324679909705,0.0303804902583,0.0244403818798,0.0324898858939,0.00193133161604,nan,nan,nan,nan,nan,nan,nan,nan,nan,0.039990815019,0.0170268913588,0.00749294941986,nan,nan,nan,-0.0346951495682,-0.0324842724757,0.0232989152077,-0.0396936567649,-0.0310327164539,0.0104498172615,nan,nan,nan,nan,nan,nan,nan,nan,nan,nan,nan,nan,nan,nan,nan,nan,nan,nan,0.00121335607875,21.5961234667,16.0636999515,0.0,0.0,0.0,nan,nan,nan,nan,nan,nan,nan,nan,nan,nan,nan,nan,nan,nan,nan,nan,nan,nan,nan,nan,nan,nan,nan,nan,nan,nan,nan,nan,nan,nan,nan,nan,nan,nan,nan,nan,nan,nan,nan,nan,nan,nan,-2.10916635555,3.4523801543,4.80362287439,-5.95277424983e-06,0.00124003250134,0.000186948891978,15.7571095356,22.6291467604,-14.0148196254,1.08814339573e-15,-6.54004531075e-16,1.67424927613e-16,nan,nan,nan,nan,nan,nan,nan,nan,nan,nan,nan,nan,nan,nan,nan,nan,nan,nan,54.5953884045,11.9617778737,-2.75650329491,-1.63401480666e-16,7.38154517879e-16,-3.31314399941e-17,nan,nan,nan,nan,nan,nan,0.0,0.0,0.0,0.0,0.0,0.0,-67.905782886,-58.8088367909,-8.6825501264,0.0703715332667,0.0479746347985,0.00456828178542
0.08,0.065,0.065,0.008,0.0195,0.0525,0.951056560832,-0.309016857306,-3.78436401215e-17,5.82353731087e-17,0.0671641849919,0.014608823058,0.119825254663,-0.676160957832,-0.2690415564,0.597534234491,0.336713288488,-0.208257026399,0.000190610002784,0.257389879858,0.349354385124,0.276066252862,0.474862085266,0.595528317365,0.478464063295,0.772836774822,0.752110280505,0.412915979224,0.784493391282,0.771875060824,0.784968123593,0.438798728057,0.393925745927,-3.8328144214e-08,0.490005493641,0.14236547217,0.0583031898141,0.585482439622,0.458364006598,0.157400022016,0.194346314952,0.373552425637,0.34152142227,0.678897852144,0.616472663842,1.02665337521,8.44840788261e-06,-1.11879394638e-10,0.240954007959,0.328764254115,nan,nan,nan,nan,nan,nan,nan,nan,nan,nan,nan,nan,-0.00892808858893,-0.0324989416785,0.0280353035801,nan,nan,nan,nan,nan,nan,-0.0383294492845,0.0323540173987,0.0243575975995,nan,nan,nan,nan,nan,nan,nan,nan,nan,nan,nan,nan,-0.0399971185277,-0.0163425651298,0.0109824614315,nan,nan,nan,nan,nan,nan,nan,nan,nan,-0.0399911890245,0.00906577322365,0.0144906797546,nan,nan,nan,nan,nan,nan,0.0399532367394,-0.0120305370043,0.00627709649046,nan,nan,nan,nan,nan,nan,nan,nan,nan,nan,nan,nan,nan,nan,nan,nan,nan,nan,nan,nan,nan,nan,nan,nan,26.8117837289,-70.5574482327,-7.27876095604,-1.93766752746e-15,-7.08014313272e-16,-2.74310344891e-16,nan,nan,nan,nan,nan,nan,nan,nan,nan,nan,nan,nan,-19.1787093737,57.7060459125,-10.2108559424,-1.59538726654e-15,-5.66573655424e-16,-2.0539479364e-16,nan,nan,nan,nan,nan,nan,nan,nan,nan,nan,nan,nan,nan,nan,nan,nan,nan,nan,nan,nan,nan,nan,nan,nan,-13.9262008161,1.58373456048,3.96885018412,4.12279168298e-17,3.75106379791e-16,-5.01925938356e-18,nan,nan,nan,nan,nan,nan,nan,nan,nan,nan,nan,nan,nan,nan,nan,nan,nan,nan,-17.2597981815,6.94327728212,6.41813171073,1.83758892278e-16,4.48771102166e-16,8.67841277674e-18,nan,nan,nan,nan,nan,nan,nan,nan,nan,nan,nan,nan,23.9343772731,3.83277442044,2.21704720776,-1.57960551602e-17,1.10475756195e-16,-2.04596043929e-17
0.08,0.065,0.065,0.008,0.0325,0.0525,0.951056560832,0.309016857306,3.78436401215e-17,5.82353731087e-17,0.0666113686365,0.0138815905305,0.100318785788,-0.174054467535,-0.7874020378,0.15754160457,0.569985715636,0.0193278516269,-6.3176308629e-10,0.309009355328,0.409360534126,0.502915732064,0.580413078463,0.703554567958,0.30302102573,0.664361465057,0.442008547091,0.259341353292,0.598268535248,0.586851930821,0.744514720464,0.449702678973,0.420015403363,0.0154049120011,0.559851364473,0.283130206684,0.174469569182,0.635741195512,0.323568286245,0.29301249423,0.282838477298,0.457038375651,0.474313984114,0.728035748259,0.72831969293,0.915453846693,0.000114484337536,0.00104674172533,0.333048674818,0.489330114422,nan,nan,nan,nan,nan,nan,nan,nan,nan,nan,nan,nan,0.0400001646898,-0.00696780601599,0.0101144818659,nan,nan,nan,nan,nan,nan,nan,nan,nan,-0.0135267093042,-0.0324762062566,0.0248918315162,nan,nan,nan,nan,nan,nan,nan,nan,nan,0.0362569235762,-0.032489241322,0.000229343156276,nan,nan,nan,nan,nan,nan,nan,nan,nan,0.014857838921,-0.0324969129921,0.0204963278194,nan,nan,nan,0.0108254980378,0.0324995086526,0.0289482186547,0.0197022443484,0.0324898253231,-0.00138663791046,nan,nan,nan,nan,nan,nan,nan,nan,nan,nan,nan,nan,nan,nan,nan,nan,nan,nan,nan,nan,nan,nan,nan,nan,33.3549141356,-0.657079214676,-0.798401833348,0.0,0.0,0.0,nan,nan,nan,nan,nan,nan,nan,nan,nan,nan,nan,nan,nan,nan,nan,nan,nan,nan,-12.4690944455,-25.5822384515,-5.64090618925,7.75016147461e-06,4.18230272131e-05,-2.07012129678e-06,nan,nan,nan,nan,nan,nan,nan,nan,nan,nan,nan,nan,nan,nan,nan,nan,nan,nan,-2.91858925384,-7.22628617257,-3.16325165517,-7.31979508189e-06,0.000151536855838,-1.55640739271e-06,nan,nan,nan,nan,nan,nan,nan,nan,nan,nan,nan,nan,nan,nan,nan,nan,nan,nan,-7.61776333602,-61.6660817137,4.11431057984,6.89732340811e-17,6.72854437784e-18,2.2855463216e-16,nan,nan,nan,nan,nan,nan,-10.8686324425,94.7780063427,0.0364491706917,-2.78649817348e-15,-3.1966357856e-16,3.1968427909e-16,0.0,0.0,0.0,0.0,0.0,0.0
0.08,0.065,0.065,0.024,-0.0325,0.0525,6.12323e-17,1.0,-6.12323e-17,3.7494e-33,0.14846484906,0.0553401532535,0.147510057447,0.497563957395,-0.498868355412,-0.501129634936,0.502423687,nan,nan,nan,nan,nan,nan,nan,nan,nan,nan,nan,nan,nan,nan,nan,nan,nan,nan,nan,nan,nan,nan,nan,nan,nan,nan,nan,nan,nan,nan,nan,nan,nan,nan,nan,nan,nan,nan,nan,nan,nan,nan,nan,nan,nan,nan,nan,nan,nan,nan,nan,nan,nan,nan,nan,nan,nan,nan,nan,nan,nan,nan,nan,nan,nan,nan,nan,nan,nan,nan,nan,nan,nan,nan,nan,nan,nan,nan,nan,nan,nan,nan,nan,nan,nan,nan,nan,nan,nan,nan,nan,nan,nan,nan,nan,nan,nan,nan,nan,nan,nan,nan,nan,nan,nan,nan,nan,nan,nan,nan,nan,nan,nan,nan,nan,nan,nan,nan,nan,nan,nan,nan,nan,nan,nan,nan,nan,nan,nan,nan,nan,nan,nan,nan,nan,nan,nan,nan,nan,nan,nan,nan,nan,nan,nan,nan,nan,nan,nan,nan,nan,nan,nan,nan,nan,nan,nan,nan,nan,nan,nan,nan,nan,nan,nan,nan,nan,nan,nan,nan,nan,nan,nan,nan,nan,nan,nan,nan,nan,nan,nan,nan,nan,nan,nan,nan,nan,nan,nan,nan,nan,nan,nan,nan,nan,nan,nan,nan,nan,nan,nan,nan,nan,nan,nan,nan,nan,nan,nan,nan,nan,nan,nan
0.08,0.065,0.065,0.024,-0.0325,0.0525,-0.58778508449,0.809017116291,-4.95380071207e-17,-3.59915051735e-17,0.0655988271849,0.0069348295669,0.0875553585074,0.78271721091,-0.13121778895,-0.606388079445,0.0492864759952,0.110472533811,0.00910630832309,0.458898969389,0.518315292061,0.605562183244,0.659467897356,0.749110984931,0.227652316305,0.663719739991,0.468636386193,0.298439670505,0.61070142788,0.605925578402,0.732196352141,-0.0523562503161,0.493285208374,0.200430680406,0.613752653004,0.421911090082,-1.6696244387e-10,0.646864507896,0.512505141549,0.322152901786,0.150877407265,0.479146199627,0.376402063918,0.691379388365,0.669976723228,0.923061004593,0.119313704635,0.035699697987,0.325361554922,0.532780093447,nan,nan,nan,nan,nan,nan,nan,nan,nan,nan,nan,nan,nan,nan,nan,nan,nan,nan,nan,nan,nan,nan,nan,nan,nan,nan,nan,nan,nan,nan,nan,nan,nan,nan,nan,nan,nan,nan,nan,nan,nan,nan,nan,nan,nan,nan,nan,nan,-0.036123312033,0.0324967993804,0.00715006872144,nan,nan,nan,-0.0150279032667,-0.0324950975072,0.0294742429778,-0.0264309509467,-0.0324788284021,0.000361187648163,nan,nan,nan,nan,nan,nan,nan,nan,nan,nan,nan,nan,nan,nan,nan,nan,nan,nan,nan,nan,nan,nan,nan,nan,nan,nan,nan,nan,nan,nan,nan,nan,nan,nan,nan,nan,nan,nan,nan,nan,nan,nan,nan,nan,nan,nan,nan,nan,nan,nan,nan,nan,nan,nan,nan,nan,nan,nan,nan,nan,nan,nan,nan,nan,nan,nan,nan,nan,nan,nan,nan,nan,nan,nan,nan,nan,nan,nan,nan,nan,nan,nan,nan,nan,nan,nan,nan,nan,nan,nan,nan,nan,nan,nan,nan,nan,-0.00181176045769,12.7604095567,0.000484105338757,-3.44291460529e-16,-4.58235222011e-20,-8.06575353797e-17,nan,nan,nan,nan,nan,nan,5.35926022201,-13.6329219936,-3.28996261864,5.67959417525e-17,3.71987555908e-17,-6.16248648765e-17,0.0,0.0,0.0,0.0,0.0,0.0
0.08,0.065,0.065,0.024,-0.0195,0.0525,-0.58778508449,0.809017116291,-4.95380071207e-17,-3.59915051735e-17,0.0691693408801,0.00666261614317,0.0885082819436,0.787547017777,-0.132402891757,-0.600177634759,0.0450108406892,0.110117093935,0.0122367944431,0.467569064134,0.513408807823,0.612163337957,0.660919621954,0.751226000649,0.199330659448,0.674327828516,0.503345653405,0.301501621074,0.642488251054,0.624928745983,0.74858554083,-0.05085073858,0.495703337722,0.198440453535,0.611155139387,0.424385093254,-2.64528843275e-10,0.646859726316,0.510453592153,0.321056197775,0.156718093829,0.476590673432,0.376042506878,0.686076016727,0.653925962151,0.930162138932,0.116190885003,0.0296460034402,0.334389110453,0.516460347904,nan,nan,nan,nan,nan,nan,nan,nan,nan,nan,nan,nan,nan,nan,nan,nan,nan,nan,nan,nan,nan,nan,nan,nan,-0.00498108393244,0.0324984467353,0.026760258049,nan,nan,nan,nan,nan,nan,nan,nan,nan,-0.0399988790678,0.0119948844092,-0.00328904573704,nan,nan,nan,nan,nan,nan,nan,nan,nan,-0.0364043146368,0.0324944503298,0.00950690976711,nan,nan,nan,-0.0151818585698,-0.0324808995234,0.0302898146429,-0.0260516042922,-0.0324974157303,0.0037571198367,nan,nan,nan,nan,nan,nan,nan,nan,nan,nan,nan,nan,nan,nan,nan,nan,nan,nan,nan,nan,nan,nan,nan,nan,nan,nan,nan,nan,nan,nan,nan,nan,nan,nan,nan,nan,nan,nan,nan,nan,nan,nan,nan,nan,nan,nan,nan,nan,0.0,0.0,0.0,0.0,0.0,0.0,nan,nan,nan,nan,nan,nan,nan,nan,nan,nan,nan,nan,nan,nan,nan,nan,nan,nan,-10.9108547566,0.246442697009,-0.341732934049,8.30701529429e-18,2.99954007966e-16,-4.89129403968e-17,nan,nan,nan,nan,nan,nan,nan,nan,nan,nan,nan,nan,nan,nan,nan,nan,nan,nan,-0.625412355552,33.2358637736,3.8342391562,1.52497896072e-16,-1.25986398879e-17,1.34081554775e-16,nan,nan,nan,nan,nan,nan,7.22623269672e-05,-9.15410749433,1.06333170985,2.51238817246e-16,6.93153570377e-18,5.96557661581e-17,12.6531739406,-23.4699929943,-10.8590886292,-5.6430317105e-16,-2.60286064734e-16,-9.49724325773e-17
0.08,0.065,0.065,0.024,-0.0065,0.0525,-0.58778508449,0.809017116291,-4.95380071207e-17,-3.59915051735e-17,0.0638196971132,0.0192133772545,0.121090267573,0.68123132499,-0.241578692977,-0.68178284814,0.112852846368,-0.200283275321,-8.50972625699e-10,0.0741594369457,0.323844964109,0.20674576834,0.451902686575,0.552874328604,0.198111016139,0.785398351537,0.779202793208,0.265292094171,0.767469155423,0.775874031352,0.776067702562,0.383191278143,0.425149878883,0.000171564186215,0.521440351885,0.234929606677,0.0790412919712,0.621782322279,0.33037123052,0.231799817159,0.27353875358,0.427819216316,0.427812935364,0.705134738366,0.67693563401,1.09243676067,-3.65201344721e-08,0.000424392699704,0.306570943986,0.433891100511,nan,nan,nan,nan,nan,nan,nan,nan,nan,nan,nan,nan,-0.0399721992238,0.00993495109411,0.0303806319282,nan,nan,nan,nan,nan,nan,nan,nan,nan,0.0396776918514,0.0312232288022,0.019625907408,nan,nan,nan,nan,nan,nan,nan,nan,nan,-0.0174033655107,0.0324904821204,0.00471335139058,nan,nan,nan,nan,nan,nan,nan,nan,nan,0.0112163626935,0.0324957140576,0.0143742318643,nan,nan,nan,0.0228385665077,-0.0325001160312,0.0280900469008,0.00751064042524,-0.0324963192921,-0.000557461619747,nan,nan,nan,nan,nan,nan,nan,nan,nan,nan,nan,nan,nan,nan,nan,nan,nan,nan,nan,nan,nan,nan,nan,nan,-62.2480847788,-4.47542896983,4.80836406209,7.25669802323e-17,-8.53207339307e-16,1.45306529423e-16,nan,nan,nan,nan,nan,nan,nan,nan,nan,nan,nan,nan,nan,nan,nan,nan,nan,nan,39.7478179807,41.73927497,-19.5006189675,0.0,0.0,0.0,nan,nan,nan,nan,nan,nan,nan,nan,nan,nan,nan,nan,nan,nan,nan,nan,nan,nan,5.06566519106,28.0147032449,7.05053418037,3.09493242156e-05,-0.000531533665028,-2.22382408467e-05,nan,nan,nan,nan,nan,nan,nan,nan,nan,nan,nan,nan,nan,nan,nan,nan,nan,nan,-2.31525040945,7.90447397706,-2.1075184285,7.67325381773e-17,1.82661578825e-17,-1.57866571129e-17,nan,nan,nan,nan,nan,nan,5.36673802028,-52.8681543605,4.8885792056,-1.4728420678e-15,-1.13092301281e-16,3.93851915055e-16,14.45261681,-22.1622947661,-0.196021607959,-2.68495543155e-16,-1.75824846333e-16,8.27402213869e-17
0.08,0.065,0.065,0.024,0.0065,0.0525,-0.58778508449,0.809017116291,-4.95380071207e-17,-3.59915051735e-17,0.0862513340791,0.0215111289561,0.138156385662,0.455767579841,-0.532334064429,-0.661089223692,0.268062297484,0.0833284202998,0.117284536854,0.548967037769,0.65870248996,0.592620089036,0.682558585171,0.667036265333,0.281785782993,0.700294279653,0.708309279941,0.280450639334,0.707742768759,0.700510180015,0.705488706714,0.256795054228,0.396678719032,-1.70390812571e-10,0.455465325552,0.159222518241,-2.04642525148e-10,0.479800272104,0.151002577538,0.407055037455,0.694969724723,0.534464524745,0.709068802428,0.702321210224,0.705701456025,1.4929775772,4.05673716841e-10,0.0986628098199,0.550635882109,0.455337654051,nan,nan,nan,nan,nan,nan,nan,nan,nan,nan,nan,nan,nan,nan,nan,nan,nan,nan,nan,nan,nan,nan,nan,nan,nan,nan,nan,nan,nan,nan,nan,nan,nan,nan,nan,nan,0.0360753428555,0.0324911078767,0.0239412742773,nan,nan,nan,nan,nan,nan,nan,nan,nan,nan,nan,nan,nan,nan,nan,nan,nan,nan,0.0221858440127,-0.0324999379603,0.016003376094,nan,nan,nan,nan,nan,nan,nan,nan,nan,nan,nan,nan,nan,nan,nan,nan,nan,nan,nan,nan,nan,nan,nan,nan,nan,nan,nan,nan,nan,nan,nan,nan,nan,nan,nan,nan,nan,nan,nan,nan,nan,nan,nan,nan,nan,nan,nan,nan,nan,nan,nan,nan,nan,nan,nan,nan,nan,nan,nan,nan,nan,nan,nan,nan,nan,nan,nan,nan,nan,nan,nan,nan,2.17104979942,18.6664995328,0.164621128701,-5.65702833451e-17,7.30541019756e-18,-8.23073796024e-17,nan,nan,nan,nan,nan,nan,nan,nan,nan,nan,nan,nan,nan,nan,nan,nan,nan,nan,nan,nan,nan,nan,nan,nan,nan,nan,nan,nan,nan,nan,nan,nan,nan,nan,nan,nan,-4.47328591984,-19.3279482032,-4.39102262317,4.45191891719e-16,-2.58564972359e-17,-3.39719857896e-16
0.08,0.065,0.065,0.024,0.0195,0.0525,0.951056560832,-0.309016857306,-3.78436401215e-17,5.82353731087e-17,0.0647325847229,0.00649948196153,0.104253323859,-0.648398842653,-0.445610211638,0.513538054257,0.342475031148,0.0699058793057,-2.10154100273e-05,0.387178652598,0.444691681296,0.528834962117,0.605035929785,0.715288714013,0.504623508426,0.566014649613,0.187184408157,0.35124791985,0.369402308094,0.455786977062,0.637447442649,-0.115170879975,0.409475594008,0.129945367544,0.60482046938,0.392111690856,-9.35914457045e-10,0.679332261578,0.523580733421,0.254856302797,0.0772624792462,0.41689729092,0.25708535559,0.659333239829,0.59818354459,0.930306790684,0.0977202120531,-0.00128549875301,0.266777565572,0.455589604816,nan,nan,nan,nan,nan,nan,nan,nan,nan,nan,nan,nan,0.00651964405595,-0.0325071269527,0.0157974483591,nan,nan,nan,nan,nan,nan,nan,nan,nan,-0.039988112314,0.00332389812383,0.00822758490328,nan,nan,nan,nan,nan,nan,nan,nan,nan,-0.015009088403,-0.0325089695809,0.00202283799986,nan,nan,nan,nan,nan,nan,nan,nan,nan,-0.039972509758,-0.024870619761,0.0121278696398,nan,nan,nan,0.0400099244233,-0.00385409531699,0.0286855212118,0.0399555782302,-0.0147408264578,-0.00216483436301,nan,nan,nan,nan,nan,nan,nan,nan,nan,nan,nan,nan,nan,nan,nan,nan,nan,nan,nan,nan,nan,nan,nan,nan,0.00166526479321,-28.5061696219,-0.00123769818155,6.36522846865e-18,2.4420664962e-21,-4.76805830202e-17,nan,nan,nan,nan,nan,nan,nan,nan,nan,nan,nan,nan,nan,nan,nan,nan,nan,nan,-45.9680102909,-0.0026856193912,0.00631232379824,-5.55737822457e-20,-3.0729580559e-16,-5.35443978562e-16,nan,nan,nan,nan,nan,nan,nan,nan,nan,nan,nan,nan,nan,nan,nan,nan,nan,nan,1.68627348794e-16,-2.88657985639e-12,-1.25331276928e-16,-7.78141485336e-29,-4.28358313737e-33,-6.0375094461e-30,nan,nan,nan,nan,nan,nan,nan,nan,nan,nan,nan,nan,nan,nan,nan,nan,nan,nan,-53.4443482431,-0.00312241441556,0.00733897397678,4.3857799246e-18,-1.57380339777e-16,-1.45013623992e-17,nan,nan,nan,nan,nan,nan,62.9985972884,0.00368060861069,-0.00865096275446,-1.06883184888e-19,1.78580627778e-15,-1.8568656834e-17,40.2412008344,22.7049223712,-1.79667764578,-0.00972781867641,4.61356387606e-05,0.000593301539086
0.08,0.065,0.065,0.024,0.0325,0.0525,0.951056560832,0.309016857306,3.78436401215e-17,5.82353731087e-17,0.0760422570353,0.0026132918469,0.0867986264955,-0.142080407873,-0.884262642653,0.100649826915,0.433315530357,0.119211032625,0.106776942359,0.560687555049,0.677887522589,0.624998060351,0.706197846053,0.70699783285,0.333462951123,0.643615255947,0.397095344556,0.304733314657,0.521574519871,0.594630668448,0.675429053645,-0.0747872380568,0.493800571622,0.233196327577,0.60984669219,0.436021466304,-4.74869921163e-10,0.653067560051,0.483181448134,0.342552497748,0.174629923055,0.477703405619,0.353611059242,0.65665838835,0.617285132061,0.977258295748,0.0989418106334,0.00350700689742,0.329559066183,0.512350585491,nan,nan,nan,nan,nan,nan,nan,nan,nan,nan,nan,nan,nan,nan,nan,nan,nan,nan,nan,nan,nan,nan,nan,nan,0.0185324021857,-0.0324806500102,0.0156316733015,nan,nan,nan,nan,nan,nan,nan,nan,nan,0.0400039661933,-0.0124030472017,-0.0128152956391,nan,nan,nan,nan,nan,nan,nan,nan,nan,0.0373940994729,-0.0324974108091,-0.00264206576211,nan,nan,nan,0.0344067094813,0.0324937258671,0.0275220155694,0.0318017207701,0.0324861531474,-0.00384832687054,nan,nan,nan,nan,nan,nan,nan,nan,nan,nan,nan,nan,nan,nan,nan,nan,nan,nan,nan,nan,nan,nan,nan,nan,nan,nan,nan,nan,nan,nan,nan,nan,nan,nan,nan,nan,nan,nan,nan,nan,nan,nan,nan,nan,nan,nan,nan,nan,-28.779484638,-63.8825702385,-5.71867700584,1.52086103067e-15,-5.95711104133e-16,-9.9918918505e-16,nan,nan,nan,nan,nan,nan,nan,nan,nan,nan,nan,nan,nan,nan,nan,nan,nan,nan,16.8122536356,0.850338587948,-0.846988927018,0.0,0.0,0.0,nan,nan,nan,nan,nan,nan,nan,nan,nan,nan,nan,nan,nan,nan,nan,nan,nan,nan,0.0,0.0,0.0,0.0,0.0,0.0,nan,nan,nan,nan,nan,nan,6.38517322369,61.267655693,2.01723893798,2.88746221325e-09,-2.1540815335e-06,1.53660469028e-09,2.9616330737,2.46332315036,0.452885908321,-1.97749002834e-17,2.4747279564e-17,-5.28730946908e-18
0.08,0.065,0.065,0.04,-0.0325,0.0525,6.12323e-17,1.0,-6.12323e-17,3.7494e-33,0.14696528057,0.0678900150116,0.148121928869,0.0874640499904,-0.740677685238,-0.622291749867,0.237696412672,nan,nan,nan,nan,nan,nan,nan,nan,nan,nan,nan,nan,nan,nan,nan,nan,nan,nan,nan,nan,nan,nan,nan,nan,nan,nan,nan,nan,nan,nan,nan,nan,nan,nan,nan,nan,nan,nan,nan,nan,nan,nan,nan,nan,nan,nan,nan,nan,nan,nan,nan,nan,nan,nan,nan,nan,nan,nan,nan,nan,nan,nan,nan,nan,nan,nan,nan,nan,nan,nan,nan,nan,nan,nan,nan,nan,nan,nan,nan,nan,nan,nan,nan,nan,nan,nan,nan,nan,nan,nan,nan,nan,nan,nan,nan,nan,nan,nan,nan,nan,nan,nan,nan,nan,nan,nan,nan,nan,nan,nan,nan,nan,nan,nan,nan,nan,nan,nan,nan,nan,nan,nan,nan,nan,nan,nan,nan,nan,nan,nan,nan,nan,nan,nan,nan,nan,nan,nan,nan,nan,nan,nan,nan,nan,nan,nan,nan,nan,nan,nan,nan,nan,nan,nan,nan,nan,nan,nan,nan,nan,nan,nan,nan,nan,nan,nan,nan,nan,nan,nan,nan,nan,nan,nan,nan,nan,nan,nan,nan,nan,nan,nan,nan,nan,nan,nan,nan,nan,nan,nan,nan,nan,nan,nan,nan,nan,nan,nan,nan,nan,nan,nan,nan,nan,nan,nan,nan,nan,nan,nan,nan,nan,nan
0.08,0.065,0.065,0.04,-0.0325,0.0525,-0.58778508449,0.809017116291,-4.95380071207e-17,-3.59915051735e-17,0.145745152311,0.00124010289062,0.136580286879,0.749934482795,0.028900002208,-0.656417972464,0.0766714211079,nan,nan,nan,nan,nan,nan,nan,nan,nan,nan,nan,nan,nan,nan,nan,nan,nan,nan,nan,nan,nan,nan,nan,nan,nan,nan,nan,nan,nan,nan,nan,nan,nan,nan,nan,nan,nan,nan,nan,nan,nan,nan,nan,nan,nan,nan,nan,nan,nan,nan,nan,nan,nan,nan,nan,nan,nan,nan,nan,nan,nan,nan,nan,nan,nan,nan,nan,nan,nan,nan,nan,nan,nan,nan,nan,nan,nan,nan,nan,nan,nan,nan,nan,nan,nan,nan,nan,nan,nan,nan,nan,nan,nan,nan,nan,nan,nan,nan,nan,nan,nan,nan,nan,nan,nan,nan,nan,nan,nan,nan,nan,nan,nan,nan,nan,nan,nan,nan,nan,nan,nan,nan,nan,nan,nan,nan,nan,nan,nan,nan,nan,nan,nan,nan,nan,nan,nan,nan,nan,nan,nan,nan,nan,nan,nan,nan,nan,nan,nan,nan,nan,nan,nan,nan,nan,nan,nan,nan,nan,nan,nan,nan,nan,nan,nan,nan,nan,nan,nan,nan,nan,nan,nan,nan,nan,nan,nan,nan,nan,nan,nan,nan,nan,nan,nan,nan,nan,nan,nan,nan,nan,nan,nan,nan,nan,nan,nan,nan,nan,nan,nan,nan,nan,nan,nan,nan,nan,nan,nan,nan,nan,nan,nan
0.08,0.065,0.065,0.04,-0.0195,0.0525,-0.58778508449,0.809017116291,-4.95380071207e-17,-3.59915051735e-17,0.149697797908,0.000609249743537,0.132742390679,0.601526496431,-0.105395864179,-0.790837418079,0.0404198475055,nan,nan,nan,nan,nan,nan,nan,nan,nan,nan,nan,nan,nan,nan,nan,nan,nan,nan,nan,nan,nan,nan,nan,nan,nan,nan,nan,nan,nan,nan,nan,nan,nan,nan,nan,nan,nan,nan,nan,nan,nan,nan,nan,nan,nan,nan,nan,nan,nan,nan,nan,nan,nan,nan,nan,nan,nan,nan,nan,nan,nan,nan,nan,nan,nan,nan,nan,nan,nan,nan,nan,nan,nan,nan,nan,nan,nan,nan,nan,nan,nan,nan,nan,nan,nan,nan,nan,nan,nan,nan,nan,nan,nan,nan,nan,nan,nan,nan,nan,nan,nan,nan,nan,nan,nan,nan,nan,nan,nan,nan,nan,nan,nan,nan,nan,nan,nan,nan,nan,nan,nan,nan,nan,nan,nan,nan,nan,nan,nan,nan,nan,nan,nan,nan,nan,nan,nan,nan,nan,nan,nan,nan,nan,nan,nan,nan,nan,nan,nan,nan,nan,nan,nan,nan,nan,nan,nan,nan,nan,nan,nan,nan,nan,nan,nan,nan,nan,nan,nan,nan,nan,nan,nan,nan,nan,nan,nan,nan,nan,nan,nan,nan,nan,nan,nan,nan,nan,nan,nan,nan,nan,nan,nan,nan,nan,nan,nan,nan,nan,nan,nan,nan,nan,nan,nan,nan,nan,nan,nan,nan,nan,nan,nan
0.08,0.065,0.065,0.04,-0.0065,0.0525,-0.58778508449,0.809017116291,-4.95380071207e-17,-3.59915051735e-17,0.0938635697749,0.0131286835952,0.12388061933,-0.283718414132,0.335104464846,0.898129261208,0.0239309273782,0.0234607494118,0.000958905153268,0.402610827583,0.481084181895,0.524771959992,0.621685752461,0.693981628658,0.302971741606,0.759372432578,0.763100869539,0.305326542399,0.761986881858,0.759136348482,0.759435411274,0.326049977118,0.458703082875,0.000632105416281,0.531982903589,0.259946541059,0.0372196206203,0.589814195366,0.328958285192,0.259450424627,0.250483727733,0.437559006658,0.445998863913,0.687199315878,0.674655120159,1.20550061065,0.000120004033487,3.23928444752e-05,0.22517984107,0.339774509968,nan,nan,nan,nan,nan,nan,nan,nan,nan,nan,nan,nan,nan,nan,nan,nan,nan,nan,nan,nan,nan,nan,nan,nan,nan,nan,nan,nan,nan,nan,nan,nan,nan,nan,nan,nan,0.0193859107917,0.0324968917875,0.0285105323287,nan,nan,nan,nan,nan,nan,nan,nan,nan,0.0384055769866,0.0323318469472,0.00886136693318,nan,nan,nan,nan,nan,nan,0.0287903010907,-0.0325049846527,0.0113682962038,nan,nan,nan,nan,nan,nan,nan,nan,nan,nan,nan,nan,nan,nan,nan,nan,nan,nan,nan,nan,nan,nan,nan,nan,nan,nan,nan,nan,nan,nan,nan,nan,nan,nan,nan,nan,nan,nan,nan,nan,nan,nan,nan,nan,nan,nan,nan,nan,nan,nan,nan,nan,nan,nan,nan,nan,nan,nan,nan,nan,nan,nan,nan,nan,nan,nan,nan,nan,nan,nan,nan,nan,-6.8995080199,20.2288653648,1.20074665877,-2.37664180217e-16,-1.12849924631e-16,5.35550117615e-16,nan,nan,nan,nan,nan,nan,nan,nan,nan,nan,nan,nan,nan,nan,nan,nan,nan,nan,1.98956695216,25.0320128899,0.197071517964,2.02399635421e-16,-1.34888069069e-17,-3.30010333407e-16,nan,nan,nan,nan,nan,nan,nan,nan,nan,nan,nan,nan,1.42986273328,-47.6493871412,-4.10809329635,-3.21715529721e-07,0.0124954894897,-1.9413200076e-05
0.08,0.065,0.065,0.04,0.0065,0.0525,-0.58778508449,0.809017116291,-4.95380071207e-17,-3.59915051735e-17,0.0887530082549,0.00990846794213,0.134756118159,0.125607549268,-0.626956565023,-0.768034058337,0.0356636281861,0.0974995764036,0.139892799529,0.603244148041,0.685197915898,0.62980668892,0.695988717118,0.675592676106,0.278809597844,0.690856404411,0.699454263655,0.276622258707,0.699293572014,0.690953341022,0.697360799908,0.187214778515,0.391120143182,-1.10853548563e-10,0.447761698067,0.144118094332,-4.5892711853e-10,0.469131030961,0.143124215721,0.399969814329,0.692354723505,0.525909416826,0.697121352333,0.690740929788,0.697991310961,1.57079632704,4.52667237028e-10,0.140531154718,0.55979022208,0.497198692325,nan,nan,nan,nan,nan,nan,nan,nan,nan,nan,nan,nan,nan,nan,nan,nan,nan,nan,nan,nan,nan,nan,nan,nan,nan,nan,nan,nan,nan,nan,nan,nan,nan,nan,nan,nan,0.0375424118142,0.0324944349033,0.00822193207008,nan,nan,nan,nan,nan,nan,nan,nan,nan,nan,nan,nan,nan,nan,nan,nan,nan,nan,0.0276646225548,-0.0325029391596,0.00392844792218,nan,nan,nan,nan,nan,nan,nan,nan,nan,nan,nan,nan,nan,nan,nan,nan,nan,nan,nan,nan,nan,nan,nan,nan,nan,nan,nan,nan,nan,nan,nan,nan,nan,nan,nan,nan,nan,nan,nan,nan,nan,nan,nan,nan,nan,nan,nan,nan,nan,nan,nan,nan,nan,nan,nan,nan,nan,nan,nan,nan,nan,nan,nan,nan,nan,nan,nan,nan,nan,nan,nan,nan,2.3500659646,15.3489855394,1.52817578942,-7.0454271224e-17,2.56597528307e-17,-1.49380059452e-16,nan,nan,nan,nan,nan,nan,nan,nan,nan,nan,nan,nan,nan,nan,nan,nan,nan,nan,nan,nan,nan,nan,nan,nan,nan,nan,nan,nan,nan,nan,nan,nan,nan,nan,nan,nan,-7.78526726894,-15.2470208049,-2.89528599627,0.0,0.0,0.0
0.08,0.065,0.065,0.04,0.0195,0.0525,0.951056560832,-0.309016857306,-3.78436401215e-17,5.82353731087e-17,0.0648769377649,0.00434131769137,0.101823124863,-0.663545845146,-0.444881884181,0.50643657832,0.3245135015,0.0791501825021,-3.63266981873e-05,0.430976616089,0.472910937209,0.581551590443,0.639198942059,0.755280785525,0.508596637971,0.563992537677,0.178019228317,0.334541883236,0.363983328261,0.462514141991,0.639821157007,-0.115503319975,0.420569840887,0.15852508583,0.614265788742,0.406748352325,-6.27669471953e-10,0.682127904953,0.523598776002,0.25214224127,0.0540247760862,0.420660610135,0.267825949583,0.662905398007,0.632412600427,0.955204187604,0.105055028251,0.000381945245996,0.247529757802,0.435701868223,nan,nan,nan,nan,nan,nan,nan,nan,nan,nan,nan,nan,0.00714837557943,-0.0325018242566,0.0180759642395,nan,nan,nan,nan,nan,nan,nan,nan,nan,-0.0399974543264,0.000613469084655,0.00685749016635,nan,nan,nan,nan,nan,nan,nan,nan,nan,-0.011689488319,-0.032500480498,-0.00523645098285,nan,nan,nan,nan,nan,nan,nan,nan,nan,-0.0399949805545,-0.0274894782245,0.0109490342714,nan,nan,nan,0.0399998715562,-0.00858678327122,0.0280987496919,0.0399620492563,-0.0178726729136,-0.00327695927494,nan,nan,nan,nan,nan,nan,nan,nan,nan,nan,nan,nan,nan,nan,nan,nan,nan,nan,nan,nan,nan,nan,nan,nan,-0.00164017704044,-25.8666210223,0.00010528845011,-2.4143311279e-16,8.38736597042e-20,-1.19873638926e-17,nan,nan,nan,nan,nan,nan,nan,nan,nan,nan,nan,nan,nan,nan,nan,nan,nan,nan,-29.4986432912,12.5692104886,0.265817118073,-1.59186103423e-16,-3.69160946464e-16,-2.09589367033e-16,nan,nan,nan,nan,nan,nan,nan,nan,nan,nan,nan,nan,nan,nan,nan,nan,nan,nan,-0.252951746706,-19.395696755,-0.304384818292,0.0,0.0,0.0,nan,nan,nan,nan,nan,nan,nan,nan,nan,nan,nan,nan,nan,nan,nan,nan,nan,nan,-28.5405720009,12.3595028753,-8.9682128363,0.000114497757179,-5.8377875669e-07,2.1202160942e-07,nan,nan,nan,nan,nan,nan,34.593334356,10.8953718164,-4.56923862862,4.77255208712e-17,-4.91765985302e-17,2.44064201019e-16,24.9511360567,11.1976217141,8.38659422325,-0.00808302868947,0.000279315218009,-0.000200101037773
0.08,0.065,0.065,0.04,0.0195,0.0525,-0.58778508449,0.809017116291,-4.95380071207e-17,-3.59915051735e-17,0.0637824827662,0.0335271517723,0.130940552157,0.546440357326,-0.580457082033,-0.533225866588,0.283094837474,0.300181973326,-3.69364006048e-07,0.134710479039,0.358972681359,0.259887246433,0.458337289422,0.513701884806,0.289571905202,0.718405547364,0.730052814562,0.288358269794,0.729407721133,0.718262985805,0.726451879765,0.229459187826,0.399427972515,-3.25338534779e-07,0.486769794413,0.227227129832,-0.000158471260666,0.572023069297,0.14478994562,0.391076049304,0.717402494755,0.53920811579,0.72402378481,0.716243838482,0.722597110849,1.52174716925,-5.15155029746e-10,-4.91890679708e-05,0.470550374344,0.319861411537,nan,nan,nan,nan,nan,nan,nan,nan,nan,nan,nan,nan,0.0166320259119,0.0325047223522,0.00921437021871,nan,nan,nan,nan,nan,nan,nan,nan,nan,nan,nan,nan,nan,nan,nan,nan,nan,nan,nan,nan,nan,0.0323424609684,0.032489401321,-0.00791590961303,nan,nan,nan,nan,nan,nan,nan,nan,nan,nan,nan,nan,nan,nan,nan,nan,nan,nan,0.0176070206701,-0.0324299108339,0.00074546073052,nan,nan,nan,nan,nan,nan,nan,nan,nan,nan,nan,nan,nan,nan,nan,nan,nan,nan,nan,nan,nan,nan,nan,nan,0.0,0.0,0.0,0.0,0.0,0.0,nan,nan,nan,nan,nan,nan,nan,nan,nan,nan,nan,nan,nan,nan,nan,nan,nan,nan,nan,nan,nan,nan,nan,nan,nan,nan,nan,nan,nan,nan,nan,nan,nan,nan,nan,nan,nan,nan,nan,nan,nan,nan,4.47809565715,16.029363154,-1.37422194445,2.25902328304e-16,-6.68118703138e-17,-4.3180431748e-17,nan,nan,nan,nan,nan,nan,nan,nan,nan,nan,nan,nan,nan,nan,nan,nan,nan,nan,nan,nan,nan,nan,nan,nan,nan,nan,nan,nan,nan,nan,nan,nan,nan,nan,nan,nan,-6.06225211372,-18.2516096749,-2.8856293129,0.0,0.0,0.0
0.08,0.065,0.065,0.04,0.0325,0.0525,0.951056560832,0.309016857306,3.78436401215e-17,5.82353731087e-17,0.146628506007,-0.0178732118359,0.0536943147166,-0.188970693742,-0.680580120416,0.19065823238,0.681725909019,nan,nan,nan,nan,nan,nan,nan,nan,nan,nan,nan,nan,nan,nan,nan,nan,nan,nan,nan,nan,nan,nan,nan,nan,nan,nan,nan,nan,nan,nan,nan,nan,nan,nan,nan,nan,nan,nan,nan,nan,nan,nan,nan,nan,nan,nan,nan,nan,nan,nan,nan,nan,nan,nan,nan,nan,nan,nan,nan,nan,nan,nan,nan,nan,nan,nan,nan,nan,nan,nan,nan,nan,nan,nan,nan,nan,nan,nan,nan,nan,nan,nan,nan,nan,nan,nan,nan,nan,nan,nan,nan,nan,nan,nan,nan,nan,nan,nan,nan,nan,nan,nan,nan,nan,nan,nan,nan,nan,nan,nan,nan,nan,nan,nan,nan,nan,nan,nan,nan,nan,nan,nan,nan,nan,nan,nan,nan,nan,nan,nan,nan,nan,nan,nan,nan,nan,nan,nan,nan,nan,nan,nan,nan,nan,nan,nan,nan,nan,nan,nan,nan,nan,nan,nan,nan,nan,nan,nan,nan,nan,nan,nan,nan,nan,nan,nan,nan,nan,nan,nan,nan,nan,nan,nan,nan,nan,nan,nan,nan,nan,nan,nan,nan,nan,nan,nan,nan,nan,nan,nan,nan,nan,nan,nan,nan,nan,nan,nan,nan,nan,nan,nan,nan,nan,nan,nan,nan,nan,nan,nan,nan,nan,nan
